frame,xmin,xmax,ymin,ymax,class_id
0001000.jpg,310,445,104,443,1
0000999.jpg,194,354,96,478,1
0000998.jpg,105,383,134,244,1
0000997.jpg,157,493,89,194,1
0000996.jpg,51,435,207,347,1
0000995.jpg,183,536,156,283,1
0000994.jpg,156,392,178,266,2
0000993.jpg,207,449,119,213,2
0000992.jpg,47,348,213,346,2
0000991.jpg,135,410,126,265,2
0000989.jpg,71,332,218,400,3
0000988.jpg,444,549,95,324,3
0000987.jpg,102,198,90,314,3
0000986.jpg,269,391,173,452,3
0000985.jpg,336,456,98,370,3
0000984.jpg,141,266,93,409,1
0000983.jpg,169,291,123,425,1
0000982.jpg,442,565,90,430,1
0000981.jpg,168,302,30,395,1
0000980.jpg,219,361,101,476,1
0000979.jpg,240,349,81,364,2
0000979.jpg,134,235,161,351,3
0000978.jpg,206,314,216,395,3
0000978.jpg,319,431,120,413,2
0000977.jpg,30,294,140,283,2
0000976.jpg,86,400,238,364,2
0000975.jpg,88,416,164,307,2
0000974.jpg,225,398,119,387,2
0000973.jpg,227,343,90,327,2
0000972.jpg,212,361,107,431,2
0000971.jpg,275,399,36,347,2
0000970.jpg,314,451,63,378,3
0000969.jpg,296,466,52,360,3
0000968.jpg,118,248,164,411,3
0000967.jpg,203,308,161,432,3
0000966.jpg,276,393,19,272,3
0000965.jpg,179,309,49,395,1
0000964.jpg,223,333,51,394,1
0000963.jpg,55,154,56,384,1
0000962.jpg,207,298,75,374,1
0000961.jpg,225,333,37,278,3
0000961.jpg,3,59,178,307,1
0000960.jpg,227,329,25,271,3
0000960.jpg,4,53,183,303,1
0000959.jpg,186,278,60,306,3
0000958.jpg,187,314,203,439,3
0000957.jpg,137,307,75,361,3
0000956.jpg,170,291,69,390,3
0000955.jpg,182,295,109,389,3
0000954.jpg,157,303,118,476,3
0000953.jpg,283,452,10,363,2
0000952.jpg,176,380,19,397,2
0000951.jpg,147,256,245,472,1
0000950.jpg,101,237,70,472,1
0000949.jpg,120,275,2,466,1
0000948.jpg,235,387,2,451,1
0000948.jpg,70,187,210,397,3
0000948.jpg,3,45,305,439,2
0000947.jpg,241,365,46,479,1
0000947.jpg,114,214,249,432,3
0000947.jpg,3,61,285,458,2
0000946.jpg,18,123,192,368,3
0000946.jpg,134,260,0,386,1
0000945.jpg,129,256,146,464,1
0000945.jpg,253,353,34,220,3
0000945.jpg,121,222,53,226,2
0000944.jpg,131,228,45,227,2
0000944.jpg,256,353,39,226,3
0000944.jpg,133,267,147,463,1
0000943.jpg,5,103,168,472,1
0000943.jpg,2,61,1,171,2
0000943.jpg,70,175,0,163,3
0000942.jpg,168,269,163,420,1
0000942.jpg,183,255,4,188,2
0000942.jpg,274,353,13,168,3
0000941.jpg,92,201,118,357,2
0000941.jpg,241,338,127,337,3
0000941.jpg,57,181,400,478,1
0000940.jpg,2,143,154,396,2
0000940.jpg,151,290,170,369,3
0000940.jpg,33,98,435,478,1
0000939.jpg,146,288,201,476,1
0000939.jpg,189,303,106,325,2
0000939.jpg,334,458,83,270,3
0000938.jpg,5,159,204,475,1
0000938.jpg,35,166,99,320,2
0000938.jpg,193,322,66,259,3
0000937.jpg,181,328,134,479,1
0000937.jpg,224,340,24,253,2
0000937.jpg,392,510,17,238,3
0000936.jpg,88,208,114,327,2
0000936.jpg,265,384,101,298,3
0000936.jpg,447,534,71,344,1
0000935.jpg,134,233,133,332,2
0000935.jpg,255,375,112,283,3
0000935.jpg,452,534,88,335,1
0000934.jpg,254,361,91,332,2
0000934.jpg,403,532,79,285,3
0000933.jpg,54,204,98,417,2
0000933.jpg,287,407,95,355,3
0000933.jpg,537,638,90,453,1
0000932.jpg,33,167,118,434,2
0000932.jpg,251,387,125,389,3
0000932.jpg,514,637,100,464,1
0000931.jpg,244,314,146,363,1
0000931.jpg,71,171,171,335,3
0000931.jpg,0,38,177,371,2
0000930.jpg,239,308,41,258,1
0000930.jpg,70,171,64,228,3
0000930.jpg,1,44,67,256,2
0000929.jpg,174,273,155,304,3
0000929.jpg,275,360,109,276,2
0000929.jpg,425,504,82,283,1
0000928.jpg,124,213,150,294,3
0000928.jpg,236,299,104,251,2
0000928.jpg,352,440,68,264,1
0000927.jpg,92,185,172,308,3
0000927.jpg,201,284,121,271,2
0000927.jpg,314,403,92,278,1
0000926.jpg,166,268,179,347,3
0000926.jpg,320,387,147,323,2
0000926.jpg,449,525,129,352,1
0000925.jpg,197,312,190,421,3
0000925.jpg,351,435,145,352,2
0000925.jpg,492,577,135,410,1
0000924.jpg,277,362,175,382,3
0000924.jpg,412,490,155,346,2
0000924.jpg,526,617,70,339,1
0000923.jpg,360,470,170,449,3
0000923.jpg,545,638,155,412,2
0000922.jpg,0,68,164,376,2
0000922.jpg,105,204,75,356,1
0000921.jpg,200,285,225,408,3
0000921.jpg,311,395,182,379,2
0000921.jpg,434,519,95,370,1
0000920.jpg,327,406,179,372,3
0000920.jpg,441,532,148,358,2
0000920.jpg,576,639,68,357,1
0000919.jpg,175,267,210,410,3
0000919.jpg,290,377,161,367,2
0000919.jpg,409,502,60,346,1
0000918.jpg,46,131,279,478,3
0000918.jpg,164,244,233,442,2
0000918.jpg,282,365,147,422,1
0000917.jpg,0,63,165,473,3
0000917.jpg,121,271,115,438,2
0000917.jpg,288,480,3,428,1
0000916.jpg,99,240,329,477,3
0000916.jpg,283,430,275,473,2
0000916.jpg,462,639,148,480,1
0000915.jpg,52,189,214,478,3
0000915.jpg,231,373,159,478,2
0000915.jpg,407,595,21,475,1
0000914.jpg,3,66,187,479,3
0000914.jpg,112,251,123,475,2
0000914.jpg,309,479,2,451,1
0000913.jpg,421,576,126,477,3
0000912.jpg,253,405,143,472,3
0000912.jpg,420,596,92,442,2
0000911.jpg,235,384,102,438,3
0000911.jpg,402,574,47,399,2
0000911.jpg,581,639,58,380,1
0000910.jpg,197,310,130,391,3
0000910.jpg,341,450,70,350,2
0000910.jpg,484,635,3,325,1
0000909.jpg,321,432,181,452,3
0000909.jpg,468,590,121,411,2
0000908.jpg,3,165,55,417,3
0000908.jpg,202,369,6,422,2
0000908.jpg,456,636,4,447,1
0000907.jpg,45,244,36,413,3
0000907.jpg,286,473,2,427,2
0000907.jpg,561,639,2,444,1
0000906.jpg,398,587,57,479,3
0000905.jpg,271,427,83,418,3
0000905.jpg,484,638,35,438,2
0000904.jpg,220,389,49,389,3
0000904.jpg,431,596,3,395,2
0000903.jpg,136,290,91,399,3
0000903.jpg,315,483,45,405,2
0000903.jpg,551,636,1,440,1
0000902.jpg,125,236,159,395,3
0000902.jpg,268,383,141,413,2
0000902.jpg,434,584,41,450,1
0000901.jpg,68,188,170,410,3
0000901.jpg,212,336,149,424,2
0000901.jpg,386,525,45,456,1
0000900.jpg,37,186,148,419,3
0000900.jpg,192,350,111,419,2
0000900.jpg,397,548,0,449,1
0000899.jpg,152,255,130,340,3
0000899.jpg,272,384,102,344,2
0000899.jpg,433,538,4,364,1
0000898.jpg,240,304,110,266,3
0000898.jpg,339,403,91,266,2
0000898.jpg,435,528,27,273,1
0000897.jpg,101,180,184,343,3
0000897.jpg,197,275,154,326,2
0000897.jpg,306,390,77,317,1
0000896.jpg,270,347,198,366,3
0000896.jpg,374,449,157,346,2
0000896.jpg,482,567,72,330,1
0000895.jpg,204,286,189,369,3
0000895.jpg,314,393,152,346,2
0000895.jpg,426,518,61,330,1
0000894.jpg,201,304,156,338,2
0000894.jpg,297,379,141,300,3
0000894.jpg,387,480,30,273,1
0000893.jpg,115,216,191,425,2
0000893.jpg,191,269,159,354,3
0000893.jpg,279,367,24,310,1
0000892.jpg,281,397,212,475,2
0000892.jpg,381,473,171,403,3
0000892.jpg,483,617,11,352,1
0000891.jpg,316,411,395,480,2
0000891.jpg,385,458,360,480,3
0000891.jpg,458,556,244,478,1
0000890.jpg,85,151,305,439,2
0000890.jpg,150,209,296,413,3
0000890.jpg,210,280,217,389,1
0000889.jpg,164,257,229,430,2
0000889.jpg,266,339,214,390,3
0000889.jpg,368,455,106,372,1
0000888.jpg,161,266,234,450,2
0000888.jpg,272,353,211,399,3
0000888.jpg,383,470,91,375,1
0000887.jpg,169,287,158,438,1
0000887.jpg,289,389,199,395,2
0000887.jpg,383,467,183,351,3
0000886.jpg,251,394,68,415,1
0000886.jpg,412,531,134,376,2
0000886.jpg,553,638,120,343,3
0000885.jpg,104,266,37,434,1
0000885.jpg,286,414,118,400,2
0000885.jpg,440,548,117,367,3
0000884.jpg,59,162,109,355,1
0000884.jpg,171,254,168,350,2
0000884.jpg,273,349,177,340,3
0000883.jpg,96,197,99,363,1
0000883.jpg,212,298,174,367,2
0000883.jpg,327,402,191,364,3
0000882.jpg,238,340,31,298,1
0000882.jpg,332,419,106,301,2
0000882.jpg,453,530,127,308,3
0000881.jpg,167,271,85,353,1
0000881.jpg,262,351,158,354,2
0000881.jpg,382,462,179,356,3
0000880.jpg,132,253,89,381,1
0000880.jpg,246,345,152,361,2
0000880.jpg,374,457,158,337,3
0000879.jpg,156,255,205,464,1
0000879.jpg,255,331,259,442,2
0000879.jpg,359,425,264,411,3
0000878.jpg,303,402,65,385,1
0000878.jpg,413,503,140,370,2
0000878.jpg,530,618,151,328,3
0000877.jpg,179,303,23,419,1
0000877.jpg,297,398,103,369,2
0000877.jpg,394,483,101,291,3
0000876.jpg,176,299,63,466,1
0000876.jpg,299,403,141,414,2
0000876.jpg,401,498,142,336,3
0000875.jpg,228,351,95,459,1
0000875.jpg,361,464,167,419,2
0000875.jpg,483,580,162,362,3
0000874.jpg,149,300,69,430,1
0000874.jpg,285,394,136,390,2
0000874.jpg,417,505,127,322,3
0000873.jpg,227,344,70,425,1
0000873.jpg,347,445,140,388,2
0000873.jpg,456,560,135,326,3
0000872.jpg,278,374,181,433,1
0000872.jpg,335,389,219,343,2
0000872.jpg,375,439,206,338,3
0000871.jpg,181,271,162,444,1
0000871.jpg,259,305,199,358,2
0000871.jpg,308,381,200,346,3
0000870.jpg,357,444,183,436,1
0000870.jpg,429,490,228,395,2
0000870.jpg,514,581,231,367,3
0000869.jpg,103,213,107,372,1
0000869.jpg,190,277,156,339,2
0000869.jpg,297,377,160,323,3
0000868.jpg,144,270,116,424,1
0000868.jpg,237,344,175,393,2
0000868.jpg,371,465,185,375,3
0000867.jpg,121,274,2,425,1
0000867.jpg,280,416,58,402,2
0000867.jpg,469,618,119,427,3
0000866.jpg,83,209,121,418,2
0000866.jpg,274,378,142,400,3
0000865.jpg,128,254,88,386,2
0000865.jpg,320,430,112,375,3
0000864.jpg,202,345,79,394,2
0000864.jpg,395,529,117,419,3
0000863.jpg,236,387,100,416,3
0000862.jpg,238,364,107,397,3
0000861.jpg,185,289,149,369,3
0000861.jpg,264,384,122,390,2
0000861.jpg,358,500,17,420,1
0000860.jpg,211,299,165,364,3
0000860.jpg,282,391,148,382,2
0000860.jpg,376,488,53,412,1
0000859.jpg,153,202,205,304,3
0000859.jpg,196,247,189,310,2
0000859.jpg,242,300,143,315,1
0000858.jpg,209,267,278,397,3
0000858.jpg,254,319,261,400,2
0000858.jpg,302,377,207,406,1
0000857.jpg,158,219,241,379,3
0000857.jpg,210,279,225,382,2
0000857.jpg,275,352,167,394,1
0000856.jpg,205,278,257,419,3
0000856.jpg,264,348,241,427,2
0000856.jpg,339,431,173,441,1
0000855.jpg,148,260,173,415,3
0000855.jpg,250,369,150,435,2
0000855.jpg,377,506,31,461,1
0000854.jpg,70,177,196,437,3
0000854.jpg,169,283,175,449,2
0000854.jpg,292,412,66,471,1
0000853.jpg,286,379,181,397,3
0000853.jpg,383,486,155,407,2
0000853.jpg,497,612,48,427,1
0000852.jpg,184,279,181,412,3
0000852.jpg,292,395,161,418,2
0000852.jpg,404,534,61,436,1
0000851.jpg,233,349,182,444,3
0000851.jpg,340,467,144,431,2
0000851.jpg,483,625,6,429,1
0000850.jpg,246,341,118,355,3
0000850.jpg,349,451,85,350,2
0000850.jpg,475,601,6,356,1
0000849.jpg,247,374,172,432,3
0000849.jpg,336,462,131,411,2
0000849.jpg,433,568,22,386,1
0000848.jpg,57,159,142,369,3
0000848.jpg,152,246,105,349,2
0000848.jpg,233,342,14,330,1
0000847.jpg,0,48,150,376,3
0000847.jpg,25,134,123,369,2
0000847.jpg,100,236,48,358,1
0000846.jpg,154,243,188,398,3
0000846.jpg,243,337,159,393,2
0000846.jpg,350,458,64,381,1
0000845.jpg,377,477,161,365,3
0000845.jpg,466,569,137,360,2
0000845.jpg,546,638,61,364,1
0000844.jpg,186,269,206,369,3
0000844.jpg,252,329,184,362,2
0000844.jpg,327,420,115,360,1
0000843.jpg,178,255,195,371,3
0000843.jpg,258,337,171,367,2
0000843.jpg,351,440,100,371,1
0000842.jpg,264,354,187,419,3
0000842.jpg,343,460,166,435,2
0000842.jpg,460,597,54,475,1
0000841.jpg,218,300,226,434,3
0000841.jpg,289,387,213,451,2
0000841.jpg,394,505,121,476,1
0000840.jpg,158,233,161,340,3
0000840.jpg,217,313,141,350,2
0000840.jpg,302,407,52,365,1
0000839.jpg,417,472,196,341,3
0000839.jpg,470,540,183,351,2
0000839.jpg,550,626,124,370,1
0000838.jpg,228,272,145,247,3
0000838.jpg,266,318,132,247,2
0000838.jpg,323,381,87,250,1
0000837.jpg,298,347,223,339,3
0000837.jpg,343,399,211,342,2
0000837.jpg,411,471,162,351,1
0000836.jpg,34,102,251,405,3
0000836.jpg,93,169,232,408,2
0000836.jpg,176,256,166,419,1
0000835.jpg,116,199,165,352,3
0000835.jpg,190,286,141,352,2
0000835.jpg,298,396,52,363,1
0000834.jpg,99,200,183,418,3
0000834.jpg,205,309,148,418,2
0000834.jpg,340,447,46,421,1
0000833.jpg,165,251,199,414,3
0000833.jpg,262,352,174,413,2
0000833.jpg,382,483,76,424,1
0000832.jpg,158,230,167,343,3
0000832.jpg,236,312,146,344,2
0000832.jpg,336,421,71,352,1
0000831.jpg,189,229,222,318,3
0000831.jpg,232,274,210,317,2
0000831.jpg,284,328,168,315,1
0000830.jpg,138,179,216,314,3
0000830.jpg,177,223,204,312,2
0000830.jpg,233,281,162,309,1
0000829.jpg,199,242,234,332,3
0000829.jpg,241,289,221,330,2
0000829.jpg,296,344,180,328,1
0000828.jpg,302,355,202,326,3
0000828.jpg,351,413,185,321,2
0000828.jpg,421,484,130,321,1
0000827.jpg,182,244,312,471,3
0000827.jpg,244,318,291,466,2
0000827.jpg,330,409,220,472,1
0000826.jpg,302,372,350,480,3
0000826.jpg,375,452,335,480,2
0000826.jpg,465,550,257,477,1
0000825.jpg,43,167,1,232,3
0000825.jpg,150,247,3,203,2
0000825.jpg,241,341,4,174,1
0000824.jpg,12,126,30,291,3
0000824.jpg,111,219,3,264,2
0000824.jpg,215,323,2,242,1
0000823.jpg,52,178,231,480,3
0000823.jpg,173,296,199,479,2
0000823.jpg,292,434,89,472,1
0000822.jpg,33,155,276,480,3
0000822.jpg,157,277,235,479,2
0000822.jpg,290,414,107,478,1
0000821.jpg,142,267,271,475,3
0000821.jpg,261,384,240,478,2
0000821.jpg,387,517,120,476,1
0000820.jpg,89,217,109,419,3
0000820.jpg,224,350,82,397,2
0000820.jpg,363,502,0,377,1
0000819.jpg,28,168,43,326,3
0000819.jpg,156,286,7,299,2
0000819.jpg,287,405,2,265,1
0000818.jpg,4,119,107,383,3
0000818.jpg,126,278,83,392,2
0000818.jpg,281,452,0,401,1
0000817.jpg,131,259,119,424,3
0000817.jpg,295,431,82,435,2
0000817.jpg,468,636,4,439,1
0000816.jpg,512,636,28,361,3
0000815.jpg,354,469,127,407,3
0000815.jpg,502,632,84,406,2
0000814.jpg,343,455,91,378,3
0000814.jpg,493,624,50,379,2
0000813.jpg,368,475,96,366,3
0000813.jpg,514,633,53,367,2
0000812.jpg,393,487,141,371,3
0000812.jpg,519,623,106,378,2
0000811.jpg,246,328,164,367,3
0000811.jpg,354,444,134,371,2
0000811.jpg,469,577,27,372,1
0000810.jpg,48,132,134,335,3
0000810.jpg,160,245,110,338,2
0000810.jpg,268,375,5,344,1
0000809.jpg,225,306,146,343,3
0000809.jpg,329,413,117,344,2
0000809.jpg,444,543,20,343,1
0000808.jpg,102,187,148,353,3
0000808.jpg,206,297,125,347,2
0000808.jpg,323,424,31,337,1
0000807.jpg,178,248,165,335,3
0000807.jpg,265,340,145,333,2
0000807.jpg,360,451,67,327,1
0000806.jpg,304,362,242,374,3
0000806.jpg,370,430,219,369,2
0000806.jpg,449,514,163,363,1
0000805.jpg,258,323,229,374,3
0000805.jpg,323,392,202,357,2
0000805.jpg,405,470,129,346,1
0000804.jpg,179,259,217,413,3
0000804.jpg,260,342,185,389,2
0000804.jpg,358,438,97,366,1
0000803.jpg,110,203,190,400,3
0000803.jpg,201,288,160,374,2
0000803.jpg,299,390,63,346,1
0000802.jpg,30,130,101,347,3
0000802.jpg,130,238,86,324,2
0000802.jpg,233,358,5,318,1
0000801.jpg,100,203,175,405,3
0000801.jpg,195,293,146,373,2
0000801.jpg,296,402,59,366,1
0000800.jpg,176,257,179,380,3
0000800.jpg,271,351,150,355,2
0000800.jpg,359,448,64,340,1
0000799.jpg,156,235,196,401,3
0000799.jpg,263,347,168,381,2
0000799.jpg,356,453,82,372,1
0000798.jpg,225,306,159,345,3
0000798.jpg,326,408,126,329,2
0000798.jpg,417,516,46,326,1
0000797.jpg,134,226,156,374,3
0000797.jpg,271,364,128,372,2
0000797.jpg,368,483,25,384,1
0000796.jpg,93,184,153,358,3
0000796.jpg,223,316,118,355,2
0000796.jpg,314,421,23,364,1
0000795.jpg,203,278,153,330,3
0000795.jpg,311,392,129,332,2
0000795.jpg,384,480,35,337,1
0000794.jpg,133,185,233,363,3
0000794.jpg,203,266,215,357,2
0000794.jpg,250,321,150,355,1
0000793.jpg,146,204,169,288,3
0000793.jpg,213,272,150,285,2
0000793.jpg,258,321,94,284,1
0000792.jpg,134,185,203,332,3
0000792.jpg,212,272,181,335,2
0000792.jpg,273,340,117,330,1
0000791.jpg,257,309,201,336,3
0000791.jpg,341,400,187,336,2
0000791.jpg,397,468,127,340,1
0000790.jpg,218,274,282,428,3
0000790.jpg,298,360,257,416,2
0000790.jpg,370,433,194,411,1
0000789.jpg,174,235,316,470,3
0000789.jpg,262,324,289,464,2
0000789.jpg,340,405,224,457,1
0000788.jpg,348,472,161,409,3
0000788.jpg,488,629,145,414,2
0000787.jpg,62,161,3,323,1
0000787.jpg,183,262,126,323,3
0000787.jpg,277,366,103,313,2
0000786.jpg,178,265,73,373,1
0000786.jpg,286,360,185,372,3
0000786.jpg,376,457,164,365,2
0000785.jpg,304,389,46,330,1
0000785.jpg,407,484,153,328,3
0000785.jpg,497,575,119,316,2
0000784.jpg,177,262,75,351,1
0000784.jpg,277,351,178,346,3
0000784.jpg,362,437,148,332,2
0000783.jpg,64,141,33,269,1
0000783.jpg,150,215,121,261,3
0000783.jpg,221,286,96,248,2
0000782.jpg,33,109,77,309,1
0000782.jpg,118,181,164,305,3
0000782.jpg,192,255,142,295,2
0000781.jpg,58,137,77,318,1
0000781.jpg,147,208,164,314,3
0000781.jpg,218,282,146,304,2
0000780.jpg,30,68,337,469,1
0000780.jpg,75,111,378,467,3
0000780.jpg,117,154,365,458,2
0000779.jpg,218,256,335,465,1
0000779.jpg,263,300,378,462,3
0000779.jpg,304,341,364,456,2
0000778.jpg,306,345,336,467,1
0000778.jpg,348,386,381,466,3
0000778.jpg,389,429,370,457,2
0000777.jpg,436,478,213,344,1
0000777.jpg,482,521,258,339,3
0000777.jpg,523,565,244,336,2
0000776.jpg,234,275,227,353,1
0000776.jpg,277,315,267,348,3
0000776.jpg,315,354,257,342,2
0000775.jpg,63,106,218,343,1
0000775.jpg,111,148,259,339,3
0000775.jpg,152,189,245,332,2
0000774.jpg,61,103,16,143,1
0000774.jpg,108,146,60,143,3
0000774.jpg,150,187,53,140,2
0000773.jpg,204,242,53,179,1
0000773.jpg,248,280,99,180,3
0000773.jpg,286,322,87,173,2
0000772.jpg,401,439,36,164,1
0000772.jpg,445,478,80,158,3
0000772.jpg,484,520,64,152,2
0000771.jpg,459,495,158,281,1
0000771.jpg,503,536,200,280,3
0000771.jpg,540,578,186,277,2
0000770.jpg,474,514,210,339,1
0000770.jpg,517,557,259,338,3
0000770.jpg,557,598,246,333,2
0000769.jpg,264,301,219,342,1
0000769.jpg,306,341,263,340,3
0000769.jpg,348,382,251,341,2
0000768.jpg,174,216,146,286,1
0000768.jpg,218,256,195,288,3
0000768.jpg,264,303,189,282,2
0000767.jpg,231,280,134,301,1
0000767.jpg,287,331,195,300,3
0000767.jpg,339,384,178,291,2
0000766.jpg,197,260,129,343,1
0000766.jpg,273,326,205,344,3
0000766.jpg,339,398,192,341,2
0000765.jpg,181,271,139,432,1
0000765.jpg,280,361,245,435,3
0000765.jpg,374,461,213,424,2
0000764.jpg,160,253,81,396,1
0000764.jpg,269,350,195,398,3
0000764.jpg,370,458,167,392,2
0000763.jpg,181,279,48,383,1
0000763.jpg,299,380,174,391,3
0000763.jpg,406,496,147,382,2
0000762.jpg,84,207,65,441,1
0000762.jpg,196,299,199,435,3
0000762.jpg,335,454,143,421,2
0000761.jpg,121,222,80,400,1
0000761.jpg,210,295,196,405,3
0000761.jpg,321,413,165,410,2
0000760.jpg,244,328,97,372,1
0000760.jpg,307,386,200,387,3
0000760.jpg,400,490,179,400,2
0000759.jpg,256,331,154,391,1
0000759.jpg,323,392,236,393,3
0000759.jpg,411,487,212,388,2
0000758.jpg,249,311,133,349,1
0000758.jpg,307,364,213,354,3
0000758.jpg,388,455,195,351,2
0000757.jpg,233,284,162,335,1
0000757.jpg,281,330,225,337,3
0000757.jpg,343,395,208,339,2
0000756.jpg,213,254,212,348,1
0000756.jpg,251,289,261,353,3
0000756.jpg,304,344,249,350,2
0000755.jpg,280,321,167,312,1
0000755.jpg,321,354,218,310,3
0000755.jpg,373,412,207,307,2
0000754.jpg,233,271,170,295,1
0000754.jpg,270,304,212,294,3
0000754.jpg,319,352,200,286,2
0000753.jpg,228,264,186,313,1
0000753.jpg,264,300,229,308,3
0000753.jpg,314,348,215,303,2
0000752.jpg,199,239,189,329,1
0000752.jpg,238,274,238,325,3
0000752.jpg,292,331,223,318,2
0000751.jpg,298,347,175,341,1
0000751.jpg,348,390,231,341,3
0000751.jpg,414,457,219,331,2
0000750.jpg,252,316,204,436,1
0000750.jpg,315,374,285,431,3
0000750.jpg,406,468,265,420,2
0000749.jpg,201,283,197,473,1
0000749.jpg,282,350,300,475,3
0000749.jpg,387,467,280,472,2
0000748.jpg,232,297,222,376,3
0000748.jpg,328,399,197,370,2
0000748.jpg,413,484,129,381,1
0000747.jpg,30,107,233,424,3
0000747.jpg,151,231,210,414,2
0000747.jpg,248,330,124,426,1
0000746.jpg,4,88,177,383,3
0000746.jpg,180,262,156,387,2
0000746.jpg,319,421,72,400,1
0000745.jpg,69,157,190,419,2
0000745.jpg,211,309,100,425,1
0000744.jpg,3,42,136,341,3
0000744.jpg,128,218,126,352,2
0000744.jpg,259,369,51,374,1
0000743.jpg,4,100,349,478,3
0000743.jpg,191,303,324,478,2
0000743.jpg,375,495,211,478,1
0000742.jpg,56,166,239,479,3
0000742.jpg,266,387,231,480,2
0000742.jpg,466,608,121,474,1
0000741.jpg,358,438,143,355,3
0000741.jpg,528,624,120,364,2
0000740.jpg,49,134,200,412,2
0000740.jpg,180,271,128,426,1
0000739.jpg,71,165,165,375,3
0000739.jpg,215,318,147,400,2
0000739.jpg,372,484,45,434,1
0000738.jpg,99,179,167,351,3
0000738.jpg,224,316,150,364,2
0000738.jpg,356,457,56,391,1
0000737.jpg,190,237,262,367,3
0000737.jpg,259,311,245,368,2
0000737.jpg,326,389,195,375,1
0000736.jpg,242,288,268,369,3
0000736.jpg,310,366,248,373,2
0000736.jpg,377,442,197,376,1
0000735.jpg,134,192,183,303,3
0000735.jpg,212,275,167,301,2
0000735.jpg,290,362,104,310,1
0000734.jpg,166,227,144,281,3
0000734.jpg,265,332,129,288,2
0000734.jpg,362,434,60,300,1
0000733.jpg,157,220,218,358,3
0000733.jpg,258,328,198,357,2
0000733.jpg,354,438,129,368,1
0000732.jpg,141,205,239,405,3
0000732.jpg,274,346,220,405,2
0000732.jpg,394,472,148,415,1
0000731.jpg,66,163,258,474,3
0000731.jpg,241,341,214,445,2
0000731.jpg,378,475,111,424,1
0000730.jpg,93,214,156,446,2
0000730.jpg,252,364,35,430,1
0000729.jpg,63,167,168,398,3
0000729.jpg,247,347,127,362,2
0000729.jpg,369,468,22,350,1
0000728.jpg,193,274,223,414,3
0000728.jpg,344,428,190,390,2
0000728.jpg,449,535,102,387,1
0000727.jpg,130,204,141,320,3
0000727.jpg,269,346,123,308,2
0000727.jpg,361,453,51,308,1
0000726.jpg,300,359,231,370,3
0000726.jpg,409,472,201,353,2
0000726.jpg,492,558,138,352,1
0000725.jpg,287,337,257,358,3
0000725.jpg,374,424,234,346,2
0000725.jpg,436,491,182,341,1
0000724.jpg,189,227,234,317,3
0000724.jpg,257,296,226,315,2
0000724.jpg,309,349,192,318,1
0000723.jpg,270,309,265,352,3
0000723.jpg,341,381,252,347,2
0000723.jpg,394,440,212,348,1
0000722.jpg,211,255,277,386,3
0000722.jpg,297,342,262,380,2
0000722.jpg,366,419,216,389,1
0000721.jpg,152,211,237,373,3
0000721.jpg,256,329,215,363,2
0000721.jpg,347,418,147,361,1
0000720.jpg,52,234,148,263,2
0000720.jpg,290,536,145,284,1
0000720.jpg,311,461,111,179,3
0000719.jpg,40,227,128,242,2
0000719.jpg,284,525,122,264,1
0000719.jpg,303,454,89,162,3
0000718.jpg,70,253,221,341,2
0000718.jpg,305,550,221,368,1
0000718.jpg,326,479,187,257,3
0000717.jpg,37,230,142,272,2
0000717.jpg,282,526,142,297,1
0000717.jpg,304,454,95,184,3
0000716.jpg,36,237,137,246,2
0000716.jpg,256,503,85,216,1
0000716.jpg,262,406,29,104,3
0000715.jpg,43,228,170,264,2
0000715.jpg,246,477,119,232,1
0000715.jpg,247,383,68,134,3
0000714.jpg,68,222,237,307,2
0000714.jpg,223,413,216,294,1
0000714.jpg,219,330,190,220,3
0000713.jpg,36,187,196,263,2
0000713.jpg,188,374,164,244,1
0000713.jpg,175,285,138,175,3
0000712.jpg,132,274,296,350,2
0000712.jpg,250,415,251,317,1
0000712.jpg,226,330,218,259,3
0000711.jpg,85,279,301,389,2
0000711.jpg,254,483,229,327,1
0000711.jpg,229,366,183,236,3
0000710.jpg,146,343,217,298,2
0000710.jpg,309,549,141,231,1
0000710.jpg,280,420,91,147,3
0000709.jpg,60,283,152,291,2
0000709.jpg,275,578,160,271,1
0000709.jpg,267,438,119,166,3
0000708.jpg,215,463,232,358,3
0000708.jpg,212,635,326,476,1
0000708.jpg,3,222,312,480,2
0000707.jpg,65,514,258,454,1
0000707.jpg,74,326,176,276,3
0000707.jpg,3,77,255,402,2
0000706.jpg,85,293,131,231,2
0000706.jpg,288,557,160,350,1
0000706.jpg,311,478,99,208,3
0000705.jpg,106,332,114,223,2
0000705.jpg,331,627,143,344,1
0000705.jpg,338,529,81,192,3
0000704.jpg,112,322,229,367,2
0000704.jpg,264,482,322,461,3
0000704.jpg,312,591,214,377,1
0000703.jpg,182,397,318,446,3
0000703.jpg,231,501,212,360,1
0000703.jpg,28,241,231,370,2
0000702.jpg,192,418,153,288,3
0000702.jpg,40,259,69,209,2
0000702.jpg,254,534,56,201,1
0000701.jpg,190,403,194,366,3
0000701.jpg,72,288,96,204,2
0000701.jpg,292,535,91,296,1
0000700.jpg,217,398,273,385,3
0000700.jpg,241,474,125,285,1
0000700.jpg,79,254,156,306,2
0000699.jpg,313,519,253,361,3
0000699.jpg,248,525,112,203,1
0000699.jpg,155,296,168,377,2
0000698.jpg,185,303,195,380,2
0000698.jpg,335,526,242,355,3
0000698.jpg,255,512,137,221,1
0000697.jpg,427,540,283,342,3
0000697.jpg,407,522,262,315,2
0000697.jpg,357,516,251,300,1
0000696.jpg,452,561,300,357,3
0000696.jpg,430,553,277,329,2
0000696.jpg,382,535,266,313,1
0000695.jpg,229,330,279,342,3
0000695.jpg,206,318,255,318,2
0000695.jpg,157,303,255,304,1
0000694.jpg,271,402,291,381,3
0000694.jpg,243,382,257,337,2
0000694.jpg,187,360,255,313,1
0000693.jpg,165,332,311,433,3
0000693.jpg,133,322,268,376,2
0000693.jpg,60,297,239,338,1
0000692.jpg,151,368,328,442,3
0000692.jpg,148,376,256,337,2
0000692.jpg,93,388,180,275,1
0000691.jpg,298,564,297,406,3
0000691.jpg,305,580,201,307,2
0000691.jpg,255,604,120,253,1
0000690.jpg,35,145,297,479,3
0000690.jpg,188,293,143,478,1
0000690.jpg,320,440,288,477,2
0000689.jpg,172,281,312,480,3
0000689.jpg,311,430,152,478,1
0000689.jpg,463,592,296,479,2
0000688.jpg,181,267,291,476,3
0000688.jpg,278,373,161,470,1
0000688.jpg,405,503,275,479,2
0000687.jpg,214,299,48,268,3
0000687.jpg,261,348,0,218,1
0000687.jpg,407,505,9,235,2
0000686.jpg,248,336,2,181,3
0000686.jpg,337,385,3,135,1
0000686.jpg,442,539,2,142,2
0000685.jpg,403,495,159,378,3
0000685.jpg,445,532,17,322,1
0000685.jpg,596,637,112,340,2
0000684.jpg,196,307,232,476,3
0000684.jpg,383,480,145,396,2
0000684.jpg,202,309,56,241,1
0000683.jpg,248,333,197,393,3
0000683.jpg,252,333,68,197,1
0000683.jpg,395,472,133,334,2
0000682.jpg,283,339,250,378,3
0000682.jpg,286,346,160,255,1
0000682.jpg,382,434,214,350,2
0000681.jpg,405,454,192,298,3
0000681.jpg,415,465,119,195,1
0000681.jpg,488,540,171,291,2
0000680.jpg,182,227,196,293,3
0000680.jpg,261,310,168,271,2
0000680.jpg,191,241,135,273,1
0000679.jpg,89,128,305,397,3
0000679.jpg,134,177,248,388,1
0000679.jpg,192,233,295,398,2
0000678.jpg,17,55,354,445,3
0000678.jpg,63,106,298,439,1
0000678.jpg,119,157,344,448,2
0000677.jpg,219,257,299,390,3
0000677.jpg,261,309,245,392,1
0000677.jpg,314,356,296,402,2
0000676.jpg,194,231,238,329,3
0000676.jpg,239,281,184,320,1
0000676.jpg,292,331,233,336,2
0000675.jpg,200,247,145,259,3
0000675.jpg,257,311,71,244,1
0000675.jpg,321,372,138,263,2
0000674.jpg,177,223,224,338,3
0000674.jpg,236,288,149,323,1
0000674.jpg,301,351,214,347,2
0000673.jpg,337,392,221,355,3
0000673.jpg,399,457,130,333,1
0000673.jpg,482,548,209,362,2
0000672.jpg,256,321,219,369,3
0000672.jpg,317,390,115,336,1
0000672.jpg,420,486,195,366,2
0000671.jpg,154,233,159,347,3
0000671.jpg,246,332,27,307,1
0000671.jpg,361,452,141,353,2
0000670.jpg,48,127,85,341,1
0000670.jpg,148,220,162,351,2
0000670.jpg,256,326,194,365,3
0000669.jpg,186,271,3,253,1
0000669.jpg,295,378,67,271,2
0000669.jpg,413,503,107,292,3
0000668.jpg,152,255,165,455,1
0000668.jpg,297,383,239,466,2
0000668.jpg,425,522,269,466,3
0000667.jpg,118,219,94,385,1
0000667.jpg,254,347,169,383,2
0000667.jpg,375,472,188,380,3
0000666.jpg,152,263,114,430,1
0000666.jpg,303,396,184,424,2
0000666.jpg,429,533,203,415,3
0000665.jpg,327,439,46,389,1
0000665.jpg,498,604,135,380,2
0000664.jpg,94,212,72,386,1
0000664.jpg,257,349,147,370,2
0000664.jpg,402,492,169,366,3
0000663.jpg,113,224,122,419,1
0000663.jpg,275,362,196,411,2
0000663.jpg,413,501,219,413,3
0000662.jpg,48,142,48,324,1
0000662.jpg,187,273,133,330,2
0000662.jpg,312,402,173,347,3
0000661.jpg,157,251,103,348,1
0000661.jpg,281,360,166,340,2
0000661.jpg,398,467,179,341,3
0000660.jpg,281,356,159,406,1
0000660.jpg,393,468,222,399,2
0000660.jpg,495,563,246,393,3
0000659.jpg,237,376,108,478,1
0000659.jpg,379,496,209,474,2
0000659.jpg,475,591,222,439,3
0000658.jpg,114,226,84,455,1
0000658.jpg,235,334,172,399,2
0000658.jpg,328,417,180,365,3
0000657.jpg,197,305,40,408,1
0000657.jpg,337,441,135,371,2
0000657.jpg,456,554,153,350,3
0000656.jpg,165,274,45,408,1
0000656.jpg,309,407,133,371,2
0000656.jpg,429,521,150,345,3
0000655.jpg,325,408,3,291,1
0000655.jpg,423,506,71,261,2
0000655.jpg,518,587,84,242,3
0000654.jpg,253,335,75,349,1
0000654.jpg,353,424,139,327,2
0000654.jpg,440,505,151,301,3
0000653.jpg,394,445,132,305,1
0000653.jpg,459,507,178,295,2
0000653.jpg,521,567,185,287,3
0000652.jpg,269,321,138,308,1
0000652.jpg,332,382,182,294,2
0000652.jpg,393,434,192,292,3
0000651.jpg,369,411,184,322,1
0000651.jpg,421,461,221,316,2
0000651.jpg,478,515,230,312,3
0000650.jpg,324,370,181,334,1
0000650.jpg,386,432,221,326,2
0000650.jpg,451,489,229,320,3
0000649.jpg,220,280,123,320,1
0000649.jpg,311,363,172,305,2
0000649.jpg,392,439,185,300,3
0000648.jpg,169,232,150,341,1
0000648.jpg,260,316,200,339,2
0000648.jpg,349,400,218,339,3
0000647.jpg,167,245,136,394,1
0000647.jpg,286,360,217,402,2
0000647.jpg,403,477,249,414,3
0000646.jpg,124,226,260,479,1
0000646.jpg,271,367,327,477,2
0000646.jpg,437,536,359,478,3
0000645.jpg,374,466,127,455,1
0000645.jpg,508,612,232,474,2
0000644.jpg,374,467,92,413,1
0000644.jpg,508,611,196,447,2
0000643.jpg,136,232,57,378,1
0000643.jpg,265,358,159,405,2
0000643.jpg,410,510,202,433,3
0000642.jpg,90,180,115,404,1
0000642.jpg,199,290,216,436,2
0000642.jpg,328,422,262,470,3
0000641.jpg,177,273,130,383,1
0000641.jpg,285,370,207,392,2
0000641.jpg,407,487,227,403,3
0000640.jpg,255,319,124,319,1
0000640.jpg,335,389,186,331,2
0000640.jpg,427,482,208,343,3
0000639.jpg,325,381,69,259,1
0000639.jpg,401,459,132,277,2
0000639.jpg,487,548,163,297,3
0000638.jpg,350,421,62,250,1
0000638.jpg,431,491,116,254,2
0000638.jpg,517,578,130,262,3
0000637.jpg,167,210,165,305,1
0000637.jpg,233,271,205,305,2
0000637.jpg,297,335,221,306,3
0000636.jpg,485,527,201,338,1
0000636.jpg,547,587,245,344,2
0000636.jpg,616,639,260,347,3
0000635.jpg,243,284,307,442,1
0000635.jpg,307,343,340,434,2
0000635.jpg,365,401,352,431,3
0000634.jpg,198,240,221,349,1
0000634.jpg,260,296,256,347,2
0000634.jpg,317,353,268,347,3
0000633.jpg,252,291,107,235,1
0000633.jpg,309,350,141,230,2
0000633.jpg,371,404,150,227,3
0000632.jpg,199,244,183,320,1
0000632.jpg,265,304,220,319,2
0000632.jpg,327,363,230,315,3
0000631.jpg,105,158,127,295,1
0000631.jpg,184,232,171,290,2
0000631.jpg,265,306,186,287,3
0000630.jpg,111,190,117,360,1
0000630.jpg,226,296,190,369,2
0000630.jpg,344,407,212,374,3
0000629.jpg,238,338,68,412,1
0000629.jpg,380,499,191,447,2
0000629.jpg,548,640,239,477,3
0000628.jpg,127,250,37,440,1
0000628.jpg,296,414,174,474,2
0000628.jpg,478,599,207,474,3
0000627.jpg,79,212,22,425,1
0000627.jpg,256,374,155,451,2
0000627.jpg,444,558,185,454,3
0000626.jpg,24,130,126,384,2
0000626.jpg,192,285,159,383,3
0000625.jpg,130,260,6,335,1
0000625.jpg,279,397,82,355,2
0000625.jpg,458,561,102,349,3
0000624.jpg,123,247,7,362,1
0000624.jpg,274,380,118,381,2
0000624.jpg,449,542,140,377,3
0000623.jpg,341,420,54,305,1
0000623.jpg,453,526,133,321,2
0000623.jpg,574,637,148,320,3
0000622.jpg,363,411,175,335,1
0000622.jpg,430,476,220,344,2
0000622.jpg,505,547,236,340,3
0000621.jpg,481,535,176,325,1
0000621.jpg,547,592,217,324,2
0000621.jpg,628,638,231,327,3
0000620.jpg,376,428,188,346,1
0000620.jpg,442,489,234,349,2
0000620.jpg,515,560,246,348,3
0000619.jpg,383,435,46,215,1
0000619.jpg,451,504,97,223,2
0000619.jpg,534,583,107,223,3
0000618.jpg,395,456,109,296,1
0000618.jpg,472,528,163,302,2
0000618.jpg,565,621,172,302,3
0000617.jpg,304,384,94,331,1
0000617.jpg,406,477,164,343,2
0000617.jpg,522,586,178,340,3
0000616.jpg,300,387,82,333,1
0000616.jpg,408,487,155,341,2
0000616.jpg,532,604,164,337,3
0000615.jpg,110,229,58,373,1
0000615.jpg,261,361,142,370,2
0000615.jpg,402,486,149,345,3
0000614.jpg,195,293,69,365,1
0000614.jpg,331,421,147,364,2
0000614.jpg,462,534,155,344,3
0000613.jpg,180,273,100,393,1
0000613.jpg,308,394,177,389,2
0000613.jpg,432,506,183,362,3
0000612.jpg,173,254,100,355,1
0000612.jpg,291,362,164,349,2
0000612.jpg,394,458,174,329,3
0000611.jpg,161,225,79,299,1
0000611.jpg,257,319,137,292,1
0000611.jpg,339,392,145,274,3
0000610.jpg,180,239,86,274,1
0000610.jpg,264,317,130,262,2
0000610.jpg,332,377,135,248,3
0000609.jpg,142,191,227,376,1
0000609.jpg,209,253,266,373,2
0000609.jpg,261,297,273,358,3
0000608.jpg,138,187,176,333,1
0000608.jpg,206,254,221,331,2
0000608.jpg,269,307,225,313,3
0000607.jpg,250,298,125,267,1
0000607.jpg,317,359,161,264,2
0000607.jpg,378,418,167,254,3
0000606.jpg,309,355,219,364,1
0000606.jpg,373,418,258,366,2
0000606.jpg,443,482,269,361,3
0000605.jpg,172,235,248,419,1
0000605.jpg,249,305,292,417,2
0000605.jpg,328,379,291,405,3
0000604.jpg,398,461,145,341,1
0000604.jpg,488,546,202,351,2
0000604.jpg,580,636,209,343,3
0000603.jpg,270,335,244,453,1
0000603.jpg,360,424,312,462,2
0000603.jpg,457,512,328,466,3
0000602.jpg,244,320,163,413,1
0000602.jpg,355,427,225,406,2
0000602.jpg,457,519,234,388,3
0000601.jpg,380,466,164,410,1
0000601.jpg,491,574,236,416,2
0000601.jpg,594,640,254,405,3
0000600.jpg,49,483,215,415,2
0000600.jpg,517,637,269,430,3
0000600.jpg,1,52,227,327,1
0000599.jpg,4,174,150,298,2
0000599.jpg,215,567,173,318,3
0000598.jpg,46,294,230,324,2
0000598.jpg,325,544,239,318,3
0000598.jpg,2,42,251,319,1
0000597.jpg,4,143,199,274,1
0000597.jpg,149,310,194,260,2
0000597.jpg,326,462,195,250,3
0000596.jpg,205,435,188,260,1
0000596.jpg,441,604,186,251,2
0000595.jpg,312,517,177,244,1
0000595.jpg,534,638,181,241,2
0000594.jpg,40,252,183,252,1
0000594.jpg,265,416,181,240,2
0000594.jpg,431,566,188,241,3
0000593.jpg,3,153,163,251,1
0000593.jpg,172,361,161,238,2
0000593.jpg,384,559,169,234,3
0000592.jpg,2,115,223,335,1
0000592.jpg,131,400,217,316,2
0000592.jpg,403,638,226,322,3
0000591.jpg,6,347,255,383,1
0000591.jpg,373,638,259,365,2
0000590.jpg,16,554,183,347,1
0000590.jpg,557,638,195,343,2
0000589.jpg,1,161,175,321,2
0000589.jpg,175,508,177,309,3
0000588.jpg,96,470,184,326,2
0000588.jpg,476,638,191,328,3
0000588.jpg,2,87,180,336,1
0000587.jpg,3,54,213,311,1
0000587.jpg,66,342,202,311,2
0000587.jpg,349,594,211,312,3
0000586.jpg,147,301,246,298,1
0000586.jpg,306,407,247,287,2
0000586.jpg,411,502,248,287,3
0000585.jpg,94,296,299,360,1
0000585.jpg,300,430,302,351,2
0000585.jpg,431,545,303,352,3
0000584.jpg,47,284,159,245,1
0000584.jpg,286,447,151,214,2
0000584.jpg,448,589,149,207,3
0000583.jpg,95,338,214,285,1
0000583.jpg,344,506,216,281,2
0000583.jpg,509,638,220,281,3
0000582.jpg,122,384,245,330,1
0000582.jpg,391,572,259,333,2
0000582.jpg,575,638,265,331,3
0000581.jpg,269,515,243,320,1
0000581.jpg,516,639,256,323,2
0000580.jpg,77,265,118,177,1
0000580.jpg,281,406,114,162,2
0000580.jpg,411,521,116,159,3
0000579.jpg,30,206,241,292,1
0000579.jpg,221,342,240,288,2
0000579.jpg,343,450,243,284,3
0000578.jpg,65,287,363,429,1
0000578.jpg,310,459,362,425,2
0000578.jpg,467,608,368,427,3
0000577.jpg,53,272,67,139,1
0000577.jpg,297,446,57,122,2
0000577.jpg,452,586,56,112,3
0000576.jpg,36,263,78,150,1
0000576.jpg,285,433,72,136,2
0000576.jpg,442,578,72,130,3
0000575.jpg,5,218,221,314,1
0000575.jpg,242,406,211,284,2
0000575.jpg,416,566,206,271,3
0000574.jpg,55,349,165,253,1
0000574.jpg,353,550,172,256,2
0000574.jpg,552,638,187,257,3
0000573.jpg,33,265,260,328,1
0000573.jpg,262,405,268,330,2
0000573.jpg,406,538,279,340,3
0000572.jpg,5,193,409,473,1
0000572.jpg,197,328,426,471,2
0000572.jpg,332,455,431,477,3
0000571.jpg,3,273,136,275,1
0000571.jpg,276,562,157,276,2
0000571.jpg,566,638,178,278,3
0000570.jpg,55,491,294,469,1
0000570.jpg,495,638,356,475,2
0000569.jpg,1,60,147,287,1
0000569.jpg,46,354,175,305,2
0000569.jpg,366,636,194,322,3
0000568.jpg,17,300,252,367,2
0000568.jpg,309,556,263,369,3
0000567.jpg,4,115,192,291,1
0000567.jpg,116,360,192,286,2
0000567.jpg,354,569,206,284,3
0000566.jpg,13,279,220,303,1
0000566.jpg,275,452,215,289,2
0000566.jpg,454,615,224,289,3
0000565.jpg,42,351,240,339,1
0000565.jpg,354,561,264,343,2
0000565.jpg,565,639,278,353,3
0000564.jpg,3,265,227,314,1
0000564.jpg,276,456,234,315,2
0000564.jpg,453,622,245,316,3
0000563.jpg,117,309,301,366,1
0000563.jpg,310,445,303,360,2
0000563.jpg,437,549,311,355,3
0000562.jpg,157,339,174,234,1
0000562.jpg,340,465,174,231,2
0000562.jpg,466,573,189,231,3
0000561.jpg,9,273,258,347,1
0000561.jpg,289,460,258,339,2
0000561.jpg,460,623,270,336,3
0000560.jpg,164,416,198,291,1
0000560.jpg,432,617,202,276,2
0000559.jpg,35,290,269,364,1
0000559.jpg,308,480,265,344,2
0000559.jpg,542,639,266,328,3
0000558.jpg,23,326,301,424,1
0000558.jpg,416,501,193,397,2
0000558.jpg,539,616,204,380,3
0000557.jpg,170,472,309,416,1
0000557.jpg,562,637,207,419,2
0000556.jpg,247,562,288,396,1
0000555.jpg,28,187,106,477,1
0000555.jpg,314,406,203,450,2
0000555.jpg,449,534,214,418,3
0000554.jpg,71,231,32,451,1
0000554.jpg,362,470,151,416,2
0000554.jpg,504,600,172,386,3
0000553.jpg,136,252,93,444,1
0000553.jpg,366,477,205,435,2
0000553.jpg,496,594,229,423,3
0000551.jpg,114,213,86,330,1
0000551.jpg,295,360,144,313,2
0000551.jpg,390,451,156,301,3
0000550.jpg,101,193,69,303,1
0000550.jpg,277,343,137,295,2
0000550.jpg,362,428,148,286,3
0000549.jpg,216,276,231,377,1
0000549.jpg,330,371,268,374,2
0000549.jpg,384,425,276,368,3
0000548.jpg,178,230,267,420,1
0000548.jpg,287,330,308,418,2
0000548.jpg,341,382,320,409,3
0000547.jpg,309,366,222,364,1
0000547.jpg,418,463,262,362,2
0000547.jpg,472,513,269,359,3
0000546.jpg,271,323,241,386,1
0000546.jpg,376,421,289,387,2
0000546.jpg,432,477,296,384,3
0000545.jpg,198,255,80,227,1
0000545.jpg,303,348,121,223,2
0000545.jpg,358,399,132,221,3
0000544.jpg,113,168,102,249,1
0000544.jpg,216,260,145,248,2
0000544.jpg,271,313,153,243,3
0000543.jpg,70,129,203,360,1
0000543.jpg,180,230,250,356,2
0000543.jpg,242,288,258,352,3
0000542.jpg,133,226,124,388,1
0000542.jpg,317,398,205,385,2
0000542.jpg,412,495,224,380,3
0000541.jpg,454,535,112,392,1
0000540.jpg,103,257,67,389,1
0000540.jpg,314,447,157,433,2
0000540.jpg,451,578,191,462,3
0000539.jpg,145,303,32,346,1
0000539.jpg,360,502,104,363,2
0000539.jpg,497,629,123,383,3
0000538.jpg,122,253,115,384,1
0000538.jpg,317,429,176,392,2
0000538.jpg,436,538,189,400,3
0000537.jpg,167,291,96,367,1
0000537.jpg,378,473,167,376,2
0000537.jpg,495,585,187,386,3
0000536.jpg,256,341,100,327,1
0000536.jpg,422,494,179,350,2
0000536.jpg,515,586,205,366,3
0000535.jpg,252,321,114,268,1
0000535.jpg,373,425,158,273,2
0000535.jpg,439,486,169,275,3
0000534.jpg,286,345,150,307,1
0000534.jpg,406,450,199,316,2
0000534.jpg,469,510,213,318,3
0000533.jpg,145,221,103,274,1
0000533.jpg,267,330,147,277,2
0000533.jpg,341,397,156,279,3
0000532.jpg,187,254,226,413,1
0000532.jpg,313,366,288,424,2
0000532.jpg,383,436,306,434,3
0000531.jpg,117,206,169,396,1
0000531.jpg,284,351,240,407,2
0000531.jpg,374,438,258,415,3
0000530.jpg,138,230,130,360,1
0000530.jpg,303,378,193,367,2
0000530.jpg,398,463,212,374,3
0000529.jpg,165,317,13,408,1
0000529.jpg,474,597,131,426,2
0000528.jpg,333,489,38,467,1
0000527.jpg,90,213,62,384,1
0000527.jpg,343,436,166,396,2
0000527.jpg,465,556,196,403,3
0000526.jpg,166,334,4,363,1
0000526.jpg,494,618,81,388,2
0000525.jpg,145,298,27,425,2
0000525.jpg,368,506,73,429,3
0000524.jpg,114,263,50,430,2
0000524.jpg,328,466,97,428,3
0000523.jpg,88,191,134,387,2
0000523.jpg,230,320,170,388,3
0000522.jpg,100,208,36,384,1
0000522.jpg,355,451,147,401,2
0000522.jpg,494,585,187,409,3
0000521.jpg,121,224,75,407,1
0000521.jpg,355,451,178,412,2
0000521.jpg,486,579,209,415,3
0000520.jpg,88,180,78,398,1
0000520.jpg,307,396,189,415,2
0000520.jpg,429,511,224,421,3
0000519.jpg,7,116,4,372,1
0000519.jpg,240,351,124,416,2
0000519.jpg,386,504,164,443,3
0000518.jpg,112,211,11,334,1
0000518.jpg,312,417,116,373,2
0000518.jpg,450,551,146,394,3
0000517.jpg,162,246,47,309,1
0000517.jpg,327,411,137,339,2
0000517.jpg,431,514,164,354,3
0000516.jpg,104,179,45,291,1
0000516.jpg,267,341,120,305,2
0000516.jpg,369,441,140,313,3
0000515.jpg,124,197,82,323,1
0000515.jpg,291,364,163,337,2
0000515.jpg,391,456,183,345,3
0000514.jpg,95,176,86,350,1
0000514.jpg,280,357,181,363,2
0000514.jpg,382,454,212,374,3
0000513.jpg,98,228,62,469,1
0000513.jpg,347,448,178,436,2
0000513.jpg,465,556,206,422,3
0000512.jpg,116,244,22,408,1
0000512.jpg,340,431,130,374,2
0000512.jpg,441,521,160,358,3
0000511.jpg,175,292,53,394,1
0000511.jpg,373,456,144,356,2
0000511.jpg,463,536,165,344,3
0000510.jpg,268,353,189,452,1
0000510.jpg,421,490,262,437,2
0000510.jpg,500,558,276,425,3
0000509.jpg,319,383,125,302,1
0000509.jpg,421,471,177,293,2
0000509.jpg,471,518,191,288,3
0000508.jpg,309,367,116,277,1
0000508.jpg,405,454,162,272,2
0000508.jpg,458,500,176,268,3
0000507.jpg,255,315,216,373,1
0000507.jpg,363,412,258,370,2
0000507.jpg,420,462,270,370,3
0000506.jpg,268,323,176,333,1
0000506.jpg,382,427,224,337,2
0000506.jpg,441,483,240,339,3
0000505.jpg,248,294,199,352,1
0000505.jpg,355,397,247,355,2
0000505.jpg,411,452,261,361,3
0000504.jpg,221,269,166,319,1
0000504.jpg,329,371,214,325,2
0000504.jpg,387,427,226,323,3
0000503.jpg,226,284,192,372,1
0000503.jpg,350,402,253,377,2
0000503.jpg,422,471,269,380,3
0000502.jpg,219,296,183,401,1
0000502.jpg,375,444,252,404,2
0000502.jpg,463,524,268,406,3
0000501.jpg,464,556,3,240,1
0000500.jpg,415,455,141,232,2
0000500.jpg,468,505,145,226,3
0000500.jpg,499,542,96,220,1
0000499.jpg,138,176,176,270,2
0000499.jpg,193,228,181,265,3
0000499.jpg,225,265,133,263,1
0000498.jpg,378,430,289,402,2
0000498.jpg,441,488,300,405,3
0000498.jpg,485,536,240,398,1
0000497.jpg,301,352,247,383,2
0000497.jpg,374,421,258,378,3
0000497.jpg,419,478,183,367,1
0000496.jpg,279,377,261,478,2
0000496.jpg,401,487,266,464,3
0000496.jpg,477,570,141,434,1
0000495.jpg,350,403,314,404,3
0000495.jpg,387,445,232,415,1
0000495.jpg,473,528,147,280,2
0000494.jpg,242,307,269,415,3
0000494.jpg,296,375,181,400,1
0000494.jpg,418,493,96,250,2
0000493.jpg,226,297,254,416,3
0000493.jpg,291,373,159,401,1
0000493.jpg,428,506,57,227,2
0000492.jpg,178,248,207,423,1
0000492.jpg,304,366,107,265,2
0000492.jpg,424,487,130,261,3
0000491.jpg,310,390,221,450,1
0000491.jpg,445,523,122,289,2
0000491.jpg,578,638,150,291,3
0000490.jpg,156,196,201,329,1
0000490.jpg,230,266,148,238,2
0000490.jpg,299,333,158,239,3
0000489.jpg,226,267,213,339,1
0000489.jpg,304,339,164,253,2
0000489.jpg,368,406,176,258,3
0000488.jpg,361,406,125,265,1
0000488.jpg,447,489,61,165,2
0000488.jpg,522,566,72,167,3
0000487.jpg,365,410,156,298,1
0000487.jpg,450,490,96,196,2
0000487.jpg,525,569,107,201,3
0000486.jpg,283,345,178,389,1
0000486.jpg,410,471,88,242,2
0000486.jpg,524,587,111,250,3
0000485.jpg,234,301,287,478,1
0000485.jpg,368,428,193,351,2
0000485.jpg,483,545,221,362,3
0000484.jpg,228,286,40,169,2
0000484.jpg,320,372,49,165,3
0000484.jpg,135,198,120,301,1
0000483.jpg,94,159,181,369,1
0000483.jpg,196,252,103,235,2
0000483.jpg,293,345,119,239,3
0000482.jpg,230,298,305,477,1
0000482.jpg,347,412,211,369,2
0000482.jpg,463,523,233,374,3
0000481.jpg,250,314,324,480,1
0000481.jpg,366,425,234,384,2
0000481.jpg,477,535,251,388,3
0000480.jpg,498,557,133,322,1
0000480.jpg,597,640,57,189,2
0000479.jpg,477,535,154,341,1
0000479.jpg,573,626,80,210,2
0000478.jpg,128,191,162,350,1
0000478.jpg,211,263,85,211,2
0000478.jpg,303,349,97,207,3
0000477.jpg,2,18,49,178,2
0000477.jpg,64,108,64,172,3
0000476.jpg,28,78,139,254,3
0000475.jpg,44,113,208,358,3
0000474.jpg,61,134,212,386,2
0000474.jpg,197,262,235,387,3
0000473.jpg,92,161,209,390,2
0000473.jpg,228,292,233,386,3
0000472.jpg,152,240,258,475,2
0000472.jpg,308,400,293,479,3
0000471.jpg,164,254,166,386,2
0000471.jpg,324,414,200,397,3
0000471.jpg,1,74,293,478,1
0000470.jpg,2,49,285,477,1
0000470.jpg,120,200,189,370,2
0000470.jpg,236,308,215,376,3
0000469.jpg,41,130,87,290,2
0000469.jpg,168,247,122,296,3
0000468.jpg,84,204,52,410,1
0000468.jpg,260,355,0,152,2
0000468.jpg,401,492,1,153,3
0000467.jpg,195,312,68,444,1
0000467.jpg,372,476,1,170,2
0000467.jpg,518,612,1,166,3
0000466.jpg,212,301,185,468,1
0000466.jpg,342,419,68,254,2
0000466.jpg,448,518,87,250,3
0000465.jpg,185,288,148,449,1
0000465.jpg,329,413,18,224,2
0000465.jpg,446,517,40,216,3
0000464.jpg,307,408,202,451,2
0000464.jpg,450,539,229,444,3
0000464.jpg,535,634,113,434,1
0000463.jpg,230,318,189,402,2
0000463.jpg,355,433,220,398,3
0000463.jpg,434,515,117,388,1
0000462.jpg,304,382,166,340,2
0000462.jpg,404,476,192,346,3
0000462.jpg,471,543,109,343,1
0000461.jpg,308,367,249,379,2
0000461.jpg,380,427,271,378,3
0000461.jpg,420,474,207,372,1
0000460.jpg,217,260,126,222,2
0000460.jpg,270,311,137,219,3
0000460.jpg,299,340,87,214,1
0000459.jpg,258,298,106,205,2
0000459.jpg,311,347,120,202,3
0000459.jpg,339,380,71,195,1
0000458.jpg,313,355,144,237,2
0000458.jpg,369,407,158,233,3
0000458.jpg,399,437,107,225,1
0000457.jpg,125,163,175,270,2
0000457.jpg,180,222,186,268,3
0000457.jpg,217,257,133,262,1
0000456.jpg,248,287,156,245,2
0000456.jpg,304,339,168,244,3
0000456.jpg,338,379,125,244,1
0000455.jpg,278,316,184,272,2
0000455.jpg,333,370,195,276,3
0000455.jpg,376,414,150,276,1
0000454.jpg,142,184,150,245,2
0000454.jpg,203,239,163,252,3
0000454.jpg,251,295,117,250,1
0000453.jpg,199,243,119,224,2
0000453.jpg,266,306,136,229,3
0000453.jpg,317,364,86,232,1
0000452.jpg,248,297,110,225,2
0000452.jpg,323,365,124,228,3
0000452.jpg,382,433,67,225,1
0000451.jpg,256,306,74,197,2
0000451.jpg,329,376,94,202,3
0000451.jpg,390,445,31,206,1
0000450.jpg,197,258,166,313,2
0000450.jpg,283,345,184,313,3
0000450.jpg,356,425,103,316,1
0000449.jpg,105,192,203,424,2
0000449.jpg,240,318,233,432,3
0000449.jpg,343,440,126,436,1
0000448.jpg,160,248,193,410,2
0000448.jpg,277,353,222,418,3
0000448.jpg,402,501,108,421,1
0000447.jpg,177,258,125,336,2
0000447.jpg,287,363,152,342,3
0000447.jpg,409,497,40,347,1
0000446.jpg,261,351,166,366,2
0000446.jpg,366,446,200,379,3
0000446.jpg,483,587,101,393,1
0000445.jpg,216,306,151,362,2
0000445.jpg,336,414,182,374,3
0000445.jpg,462,560,67,381,1
0000444.jpg,204,288,181,376,2
0000444.jpg,315,390,209,389,3
0000444.jpg,435,523,105,396,1
0000443.jpg,124,195,166,333,2
0000443.jpg,220,285,187,342,3
0000443.jpg,322,399,99,345,1
0000442.jpg,89,147,85,219,2
0000442.jpg,161,215,106,224,3
0000442.jpg,243,304,38,235,1
0000441.jpg,236,291,123,249,2
0000441.jpg,307,357,141,256,3
0000441.jpg,387,444,72,265,1
0000440.jpg,370,427,121,245,2
0000440.jpg,442,495,133,250,3
0000440.jpg,520,584,54,250,1
0000439.jpg,357,406,170,277,2
0000439.jpg,417,462,189,292,3
0000439.jpg,487,538,133,302,1
0000438.jpg,146,186,78,175,2
0000438.jpg,200,236,94,182,3
0000438.jpg,257,299,45,187,1
0000437.jpg,127,166,123,217,2
0000437.jpg,180,219,135,222,3
0000437.jpg,237,282,84,221,1
0000436.jpg,2,43,100,194,2
0000436.jpg,56,93,118,204,3
0000436.jpg,112,161,71,207,1
0000435.jpg,314,353,202,292,2
0000435.jpg,365,402,216,295,3
0000435.jpg,422,462,172,295,1
0000434.jpg,190,228,218,308,2
0000434.jpg,241,274,231,312,3
0000434.jpg,295,332,189,317,1
0000433.jpg,409,447,264,351,2
0000433.jpg,458,488,278,356,3
0000433.jpg,507,546,238,355,1
0000432.jpg,340,377,203,284,2
0000432.jpg,388,421,217,292,3
0000432.jpg,436,474,175,293,1
0000431.jpg,298,339,261,361,2
0000431.jpg,350,394,273,364,3
0000431.jpg,412,453,220,364,1
0000430.jpg,184,227,115,210,2
0000430.jpg,239,278,128,217,3
0000430.jpg,295,341,79,220,1
0000429.jpg,124,178,143,259,2
0000429.jpg,198,241,157,266,3
0000429.jpg,266,318,98,267,1
0000428.jpg,359,413,93,216,2
0000428.jpg,420,471,101,213,3
0000428.jpg,470,524,33,202,1
0000427.jpg,287,346,196,326,2
0000427.jpg,352,407,205,323,3
0000427.jpg,402,460,131,311,1
0000426.jpg,117,190,175,337,2
0000426.jpg,198,264,187,325,3
0000426.jpg,265,328,104,313,1
0000425.jpg,238,300,158,320,2
0000425.jpg,315,370,173,312,3
0000425.jpg,373,434,95,308,1
0000424.jpg,152,221,164,341,2
0000424.jpg,241,305,182,336,3
0000424.jpg,314,378,96,327,1
0000423.jpg,168,283,197,472,2
0000423.jpg,309,412,217,453,3
0000423.jpg,422,529,81,420,1
0000422.jpg,169,271,178,445,2
0000422.jpg,309,397,206,432,3
0000422.jpg,414,517,84,414,1
0000421.jpg,257,353,200,422,2
0000421.jpg,367,454,217,404,3
0000421.jpg,458,548,103,382,1
0000420.jpg,138,237,158,391,2
0000420.jpg,255,344,175,370,3
0000420.jpg,348,430,61,353,1
0000419.jpg,174,259,151,354,2
0000419.jpg,274,345,171,342,3
0000419.jpg,344,419,73,327,1
0000418.jpg,94,180,178,356,2
0000418.jpg,188,254,185,336,3
0000418.jpg,244,317,97,316,1
0000417.jpg,112,193,159,333,2
0000417.jpg,203,273,172,319,3
0000417.jpg,261,335,80,299,1
0000416.jpg,92,154,101,233,2
0000416.jpg,165,220,113,228,3
0000416.jpg,219,271,45,221,1
0000415.jpg,318,370,145,273,2
0000415.jpg,382,428,159,267,3
0000415.jpg,433,483,94,268,1
0000414.jpg,207,261,158,288,2
0000414.jpg,274,320,169,291,3
0000414.jpg,326,386,106,278,1
0000413.jpg,343,406,99,253,2
0000413.jpg,421,478,115,247,3
0000413.jpg,486,547,36,236,1
0000412.jpg,319,389,165,330,2
0000412.jpg,407,467,178,322,3
0000412.jpg,474,545,94,313,1
0000411.jpg,184,266,195,403,2
0000411.jpg,298,371,217,395,3
0000411.jpg,392,479,113,391,1
0000410.jpg,177,256,215,406,2
0000410.jpg,287,360,242,416,3
0000410.jpg,388,478,141,424,1
0000409.jpg,275,341,167,329,2
0000409.jpg,366,429,184,331,3
0000409.jpg,451,522,99,328,1
0000408.jpg,305,358,255,375,2
0000408.jpg,376,425,269,380,3
0000408.jpg,442,503,209,392,1
0000407.jpg,235,289,194,310,2
0000407.jpg,304,352,202,309,3
0000407.jpg,366,418,136,301,1
0000406.jpg,334,380,219,338,2
0000406.jpg,401,445,229,339,3
0000406.jpg,464,512,171,338,1
0000405.jpg,325,377,208,329,2
0000405.jpg,394,435,221,318,3
0000405.jpg,452,500,152,320,1
0000404.jpg,240,292,238,357,2
0000404.jpg,309,357,247,354,3
0000404.jpg,365,416,181,349,1
0000403.jpg,302,352,198,326,2
0000403.jpg,374,422,210,325,3
0000403.jpg,434,493,143,322,1
0000402.jpg,288,350,226,378,2
0000402.jpg,376,431,245,383,3
0000402.jpg,452,517,165,381,1
0000401.jpg,473,547,173,348,2
0000401.jpg,581,638,199,359,3
0000400.jpg,332,387,85,226,1
0000400.jpg,393,441,132,233,2
0000399.jpg,282,325,116,203,3
0000399.jpg,342,389,69,206,1
0000399.jpg,400,440,110,206,2
0000398.jpg,12,61,256,344,3
0000398.jpg,71,128,213,349,1
0000398.jpg,128,176,257,353,2
0000397.jpg,305,352,162,254,3
0000397.jpg,369,423,111,258,1
0000397.jpg,434,476,157,259,2
0000396.jpg,132,198,160,295,3
0000396.jpg,225,295,85,299,1
0000396.jpg,314,377,145,300,2
0000395.jpg,157,236,178,343,3
0000395.jpg,261,351,94,351,1
0000395.jpg,368,448,178,358,2
0000394.jpg,21,96,185,351,3
0000394.jpg,126,219,104,361,1
0000394.jpg,232,312,186,364,2
0000393.jpg,546,634,159,360,3
0000392.jpg,235,342,115,369,1
0000391.jpg,271,377,129,382,1
0000390.jpg,296,383,110,404,1
0000390.jpg,410,502,211,434,2
0000390.jpg,545,636,252,460,3
0000389.jpg,442,545,64,373,1
0000389.jpg,571,637,162,400,2
0000388.jpg,234,348,76,377,1
0000388.jpg,358,453,169,396,2
0000388.jpg,483,582,210,421,3
0000387.jpg,385,458,3,217,1
0000387.jpg,466,536,58,222,2
0000387.jpg,565,630,74,223,3
0000386.jpg,266,334,87,273,1
0000386.jpg,341,401,137,274,2
0000386.jpg,415,477,150,274,3
0000385.jpg,140,202,70,230,1
0000385.jpg,209,259,111,225,2
0000385.jpg,279,322,126,226,3
0000384.jpg,131,201,104,283,1
0000384.jpg,206,265,154,283,2
0000384.jpg,289,344,166,280,3
0000383.jpg,358,428,123,339,1
0000383.jpg,447,507,190,346,2
0000383.jpg,543,602,215,360,3
0000382.jpg,286,356,197,409,1
0000382.jpg,369,432,266,394,2
0000382.jpg,446,500,268,392,3
0000381.jpg,282,353,209,401,1
0000381.jpg,366,423,251,387,2
0000381.jpg,436,488,252,368,3
0000380.jpg,273,343,246,476,1
0000380.jpg,369,431,303,471,2
0000380.jpg,452,506,312,455,3
0000379.jpg,203,296,129,419,1
0000379.jpg,323,397,204,400,2
0000379.jpg,424,486,213,380,3
0000378.jpg,148,250,149,442,1
0000378.jpg,275,354,212,414,2
0000378.jpg,379,443,218,390,3
0000377.jpg,162,247,33,332,1
0000377.jpg,252,328,104,305,2
0000377.jpg,322,372,99,264,3
0000376.jpg,96,191,32,335,1
0000376.jpg,190,270,105,311,2
0000376.jpg,258,313,106,271,3
0000375.jpg,323,423,74,369,1
0000375.jpg,418,497,148,350,2
0000375.jpg,491,541,149,314,3
0000374.jpg,358,445,129,426,1
0000374.jpg,445,522,194,401,2
0000374.jpg,513,571,187,359,3
0000373.jpg,237,352,36,345,1
0000373.jpg,336,435,117,328,2
0000373.jpg,414,488,118,288,3
0000372.jpg,263,370,60,380,1
0000372.jpg,368,457,127,347,2
0000372.jpg,443,515,114,300,3
0000371.jpg,70,221,30,435,1
0000371.jpg,231,352,130,414,2
0000371.jpg,360,455,131,361,3
0000370.jpg,128,273,68,477,1
0000370.jpg,294,412,171,464,2
0000370.jpg,425,532,175,417,3
0000369.jpg,109,238,181,476,1
0000369.jpg,283,404,291,476,2
0000369.jpg,391,474,291,479,3
0000368.jpg,83,246,141,478,1
0000368.jpg,282,423,276,479,2
0000368.jpg,430,548,283,476,3
0000367.jpg,123,252,18,412,1
0000367.jpg,286,405,152,444,2
0000367.jpg,404,514,165,415,3
0000365.jpg,90,197,153,478,1
0000365.jpg,120,226,278,478,2
0000365.jpg,245,340,306,478,3
0000364.jpg,144,251,116,473,1
0000364.jpg,174,278,240,478,2
0000364.jpg,297,394,266,477,3
0000363.jpg,266,346,18,278,1
0000363.jpg,305,384,100,300,2
0000363.jpg,391,458,119,292,3
0000362.jpg,327,409,4,235,1
0000362.jpg,367,446,50,250,2
0000362.jpg,453,522,68,238,3
0000361.jpg,136,257,1,271,1
0000361.jpg,229,363,4,286,2
0000361.jpg,347,441,4,252,3
0000360.jpg,105,226,1,257,1
0000360.jpg,203,343,1,279,2
0000360.jpg,325,420,3,245,3
0000359.jpg,164,283,1,443,1
0000359.jpg,259,386,111,439,2
0000359.jpg,370,459,137,422,3
0000358.jpg,232,355,3,386,1
0000358.jpg,323,437,115,414,2
0000358.jpg,434,524,138,387,3
0000357.jpg,191,277,140,407,1
0000357.jpg,253,341,221,420,2
0000357.jpg,328,389,223,394,3
0000356.jpg,211,291,160,428,1
0000356.jpg,275,359,243,442,2
0000356.jpg,346,410,246,414,3
0000355.jpg,210,293,178,439,1
0000355.jpg,272,357,258,452,2
0000355.jpg,339,407,260,424,3
0000354.jpg,256,330,191,423,1
0000354.jpg,368,430,266,411,3
0000354.jpg,454,523,241,408,2
0000353.jpg,305,382,170,404,1
0000353.jpg,419,495,237,390,3
0000353.jpg,509,583,211,385,2
0000351.jpg,17,131,254,478,3
0000351.jpg,137,257,214,480,2
0000350.jpg,33,152,233,477,3
0000350.jpg,151,269,194,471,2
0000349.jpg,481,624,97,478,1
0000348.jpg,490,635,47,478,1
0000347.jpg,74,208,39,476,1
0000347.jpg,260,361,199,453,3
0000347.jpg,359,464,164,429,2
0000346.jpg,88,224,26,476,1
0000346.jpg,269,371,184,437,3
0000346.jpg,366,472,152,410,2
0000345.jpg,89,221,7,463,1
0000345.jpg,269,371,171,422,3
0000345.jpg,366,472,137,397,2
0000344.jpg,164,278,100,475,1
0000344.jpg,322,412,238,456,3
0000344.jpg,419,514,210,441,2
0000343.jpg,194,303,76,445,1
0000343.jpg,352,437,209,424,3
0000343.jpg,443,537,182,409,2
0000342.jpg,118,215,34,366,1
0000342.jpg,260,338,157,349,3
0000342.jpg,350,434,130,338,2
0000341.jpg,124,223,51,382,1
0000341.jpg,268,347,171,364,3
0000341.jpg,359,441,147,350,2
0000340.jpg,285,372,97,404,1
0000340.jpg,411,482,200,383,3
0000340.jpg,488,566,173,369,2
0000339.jpg,270,358,48,357,1
0000339.jpg,399,471,157,339,3
0000339.jpg,480,558,125,322,2
0000338.jpg,92,189,100,386,1
0000338.jpg,217,298,191,360,3
0000338.jpg,298,374,159,342,2
0000337.jpg,232,302,142,397,1
0000337.jpg,341,398,228,379,3
0000337.jpg,408,471,203,368,2
0000336.jpg,226,299,139,391,1
0000336.jpg,330,395,223,375,3
0000336.jpg,400,465,198,360,2
0000335.jpg,171,243,150,373,1
0000335.jpg,267,325,218,352,3
0000335.jpg,329,386,193,340,2
0000334.jpg,304,366,180,382,1
0000334.jpg,388,442,243,369,3
0000334.jpg,442,498,220,355,2
0000333.jpg,169,231,149,338,1
0000333.jpg,248,298,214,332,3
0000333.jpg,302,356,198,324,2
0000332.jpg,161,221,158,344,1
0000332.jpg,240,290,224,337,3
0000332.jpg,295,346,209,330,2
0000331.jpg,80,131,121,289,1
0000331.jpg,153,196,180,281,3
0000331.jpg,202,249,163,275,2
0000330.jpg,208,257,194,356,1
0000330.jpg,277,314,247,345,3
0000330.jpg,323,363,230,338,2
0000329.jpg,297,342,182,336,1
0000329.jpg,361,403,229,327,3
0000329.jpg,406,447,212,318,2
0000328.jpg,436,480,141,288,1
0000328.jpg,499,538,188,279,3
0000328.jpg,543,588,174,275,2
0000327.jpg,346,387,259,404,1
0000327.jpg,407,445,308,398,3
0000327.jpg,452,491,293,390,2
0000326.jpg,323,366,198,348,1
0000326.jpg,387,421,244,341,3
0000326.jpg,432,469,232,333,2
0000325.jpg,309,353,132,271,1
0000325.jpg,374,412,180,270,3
0000325.jpg,420,459,167,265,2
0000324.jpg,418,462,54,198,1
0000324.jpg,481,521,104,193,3
0000324.jpg,531,570,90,189,2
0000323.jpg,437,481,150,296,1
0000323.jpg,504,540,198,289,3
0000323.jpg,551,591,183,282,2
0000322.jpg,402,448,295,441,1
0000322.jpg,467,510,342,436,3
0000322.jpg,513,555,327,429,2
0000321.jpg,283,326,273,416,1
0000321.jpg,347,384,318,408,3
0000321.jpg,393,431,303,400,2
0000320.jpg,140,179,205,332,1
0000320.jpg,202,235,248,329,3
0000320.jpg,247,281,235,324,2
0000319.jpg,134,175,170,302,1
0000319.jpg,195,227,216,296,3
0000319.jpg,236,272,204,291,2
0000318.jpg,66,109,85,214,1
0000318.jpg,128,162,134,215,3
0000318.jpg,173,210,124,214,2
0000317.jpg,76,116,302,431,1
0000317.jpg,137,170,349,431,3
0000317.jpg,181,218,338,427,2
0000316.jpg,81,121,284,413,1
0000316.jpg,141,175,332,412,3
0000316.jpg,188,224,322,411,2
0000315.jpg,171,209,286,415,1
0000315.jpg,232,266,331,413,3
0000315.jpg,273,309,320,408,2
0000314.jpg,335,373,250,371,1
0000314.jpg,391,425,298,372,3
0000314.jpg,434,468,287,368,2
0000313.jpg,387,424,284,405,1
0000313.jpg,442,476,329,405,3
0000313.jpg,485,522,321,407,2
0000312.jpg,454,493,234,353,1
0000312.jpg,513,547,276,352,3
0000312.jpg,554,590,264,351,2
0000311.jpg,451,486,47,164,1
0000311.jpg,509,541,90,166,3
0000311.jpg,553,585,75,160,2
0000310.jpg,442,477,39,160,1
0000310.jpg,498,530,79,155,3
0000310.jpg,540,573,68,154,2
0000309.jpg,376,411,236,355,1
0000309.jpg,431,461,279,353,3
0000309.jpg,472,506,268,352,2
0000308.jpg,324,364,190,320,1
0000308.jpg,387,420,238,322,3
0000308.jpg,431,469,227,318,2
0000307.jpg,228,276,138,294,1
0000307.jpg,306,345,194,294,3
0000307.jpg,356,402,183,291,2
0000306.jpg,297,359,168,365,1
0000306.jpg,392,446,244,370,3
0000306.jpg,460,523,230,371,2
0000305.jpg,304,365,161,363,1
0000305.jpg,398,449,239,365,3
0000305.jpg,470,527,221,366,2
0000304.jpg,206,304,103,414,1
0000304.jpg,356,434,210,406,3
0000304.jpg,464,546,178,398,2
0000303.jpg,204,300,108,418,1
0000303.jpg,350,431,218,413,3
0000303.jpg,457,541,183,404,2
0000302.jpg,347,433,280,475,1
0000302.jpg,494,582,390,478,3
0000302.jpg,609,640,360,477,2
0000301.jpg,159,278,160,475,1
0000301.jpg,316,416,310,480,3
0000301.jpg,468,581,277,477,2
0000300.jpg,258,365,1,269,1
0000300.jpg,384,468,72,261,3
0000300.jpg,503,596,34,255,2
0000299.jpg,197,304,5,313,1
0000299.jpg,331,414,95,300,3
0000299.jpg,458,547,65,291,2
0000298.jpg,194,308,3,280,1
0000298.jpg,336,419,61,270,3
0000298.jpg,467,552,30,261,2
0000297.jpg,299,368,305,479,1
0000297.jpg,385,440,382,480,3
0000297.jpg,469,529,358,478,2
0000296.jpg,291,362,302,479,1
0000296.jpg,380,435,380,479,3
0000296.jpg,463,520,357,478,2
0000295.jpg,276,339,48,266,1
0000295.jpg,358,411,127,258,3
0000295.jpg,439,497,103,254,2
0000294.jpg,152,214,172,374,1
0000294.jpg,228,277,242,367,3
0000294.jpg,301,360,222,359,2
0000293.jpg,475,534,345,478,1
0000293.jpg,534,583,401,478,3
0000293.jpg,586,637,378,479,2
0000292.jpg,505,560,120,299,1
0000292.jpg,559,607,172,284,3
0000292.jpg,616,639,146,270,2
0000291.jpg,411,471,76,262,1
0000291.jpg,470,515,132,243,3
0000291.jpg,521,577,105,228,2
0000290.jpg,332,390,104,298,1
0000290.jpg,398,450,164,281,3
0000290.jpg,461,514,139,270,2
0000289.jpg,365,451,181,431,1
0000289.jpg,443,510,259,410,3
0000289.jpg,505,576,231,389,2
0000288.jpg,138,247,39,409,1
0000288.jpg,243,335,164,375,3
0000288.jpg,333,428,126,344,2
0000287.jpg,434,537,59,391,1
0000287.jpg,547,623,161,360,3
0000286.jpg,312,409,55,375,1
0000286.jpg,420,495,159,349,3
0000286.jpg,509,592,122,328,2
0000285.jpg,152,235,114,400,1
0000285.jpg,246,313,207,375,3
0000285.jpg,334,400,175,358,2
0000284.jpg,205,279,205,430,1
0000284.jpg,284,341,279,417,3
0000284.jpg,352,419,255,405,2
0000283.jpg,183,320,29,452,1
0000283.jpg,337,437,168,415,3
0000283.jpg,472,572,123,386,2
0000282.jpg,170,308,15,438,1
0000282.jpg,331,425,155,405,3
0000282.jpg,463,564,111,374,2
0000281.jpg,389,500,72,444,1
0000281.jpg,520,614,194,422,3
0000280.jpg,151,269,37,401,1
0000280.jpg,287,372,152,371,3
0000280.jpg,405,490,114,346,2
0000279.jpg,204,294,70,384,1
0000279.jpg,314,391,178,366,3
0000279.jpg,417,503,150,352,2
0000278.jpg,168,228,138,341,1
0000278.jpg,242,291,210,332,3
0000278.jpg,313,364,189,323,2
0000277.jpg,406,447,33,174,1
0000277.jpg,458,494,85,167,3
0000277.jpg,511,553,70,169,2
0000276.jpg,200,242,53,191,1
0000276.jpg,252,288,101,187,3
0000276.jpg,302,341,94,190,2
0000275.jpg,109,150,88,224,1
0000275.jpg,160,196,142,224,3
0000275.jpg,213,251,133,224,2
0000274.jpg,109,150,232,369,1
0000274.jpg,160,196,288,372,3
0000274.jpg,212,253,280,374,2
0000273.jpg,335,370,226,352,1
0000273.jpg,379,413,276,355,3
0000273.jpg,425,468,267,358,2
0000272.jpg,335,370,241,369,1
0000272.jpg,381,413,292,373,3
0000272.jpg,426,466,283,375,2
0000271.jpg,342,382,59,187,1
0000271.jpg,389,423,105,190,3
0000271.jpg,437,474,97,186,2
0000270.jpg,262,301,101,239,1
0000270.jpg,310,345,156,239,3
0000270.jpg,361,403,146,243,2
0000269.jpg,272,313,102,239,1
0000269.jpg,323,360,155,241,3
0000269.jpg,376,413,144,245,2
0000268.jpg,293,342,69,228,1
0000268.jpg,352,393,129,230,3
0000268.jpg,409,454,119,232,2
0000267.jpg,177,237,71,262,1
0000267.jpg,249,299,145,264,3
0000267.jpg,319,372,134,271,2
0000266.jpg,159,227,90,315,1
0000266.jpg,243,301,178,324,3
0000266.jpg,327,392,169,337,2
0000265.jpg,129,244,47,440,1
0000265.jpg,278,385,200,451,3
0000265.jpg,428,556,181,467,2
0000264.jpg,169,275,31,397,1
0000264.jpg,309,403,174,405,3
0000264.jpg,450,570,153,415,2
0000263.jpg,143,242,117,431,1
0000263.jpg,270,348,233,429,3
0000263.jpg,395,479,204,432,2
0000262.jpg,157,230,24,276,1
0000262.jpg,251,316,122,277,3
0000262.jpg,350,424,104,283,2
0000261.jpg,199,266,82,293,1
0000261.jpg,279,338,163,292,3
0000261.jpg,361,424,149,296,2
0000260.jpg,245,294,149,315,1
0000260.jpg,308,351,212,312,3
0000260.jpg,371,421,200,315,2
0000259.jpg,316,360,104,242,1
0000259.jpg,372,410,159,247,3
0000259.jpg,424,469,152,249,2
0000258.jpg,238,276,113,232,1
0000258.jpg,284,316,159,229,3
0000258.jpg,331,365,151,230,2
0000257.jpg,220,258,132,258,1
0000257.jpg,268,301,177,259,3
0000257.jpg,315,348,169,253,2
0000256.jpg,238,277,139,272,1
0000256.jpg,288,323,191,273,3
0000256.jpg,339,376,182,274,2
0000255.jpg,239,279,184,319,1
0000255.jpg,292,326,231,319,3
0000255.jpg,346,382,220,314,2
0000254.jpg,220,277,134,314,1
0000254.jpg,291,337,202,317,3
0000254.jpg,361,415,188,316,2
0000253.jpg,180,238,185,370,1
0000253.jpg,244,297,252,365,3
0000253.jpg,312,368,236,364,2
0000252.jpg,245,301,262,459,1
0000252.jpg,316,369,331,455,3
0000252.jpg,394,447,314,454,2
0000251.jpg,324,405,129,400,1
0000251.jpg,423,496,236,403,3
0000251.jpg,526,607,222,408,2
0000250.jpg,394,452,118,305,1
0000250.jpg,468,533,60,206,2
0000250.jpg,480,533,204,319,3
0000249.jpg,309,382,87,324,1
0000249.jpg,411,484,16,205,2
0000249.jpg,416,480,202,350,3
0000248.jpg,186,268,165,440,1
0000248.jpg,322,401,82,289,2
0000248.jpg,325,391,278,442,3
0000247.jpg,150,234,148,432,1
0000247.jpg,294,377,63,274,2
0000247.jpg,291,365,269,438,3
0000246.jpg,189,283,116,431,1
0000246.jpg,356,460,25,264,2
0000246.jpg,356,441,258,454,3
0000245.jpg,125,213,116,403,1
0000245.jpg,279,366,29,247,2
0000245.jpg,280,355,239,414,3
0000244.jpg,387,444,101,279,1
0000244.jpg,481,538,50,181,2
0000244.jpg,481,533,178,288,3
0000243.jpg,262,323,97,299,1
0000243.jpg,371,432,35,182,2
0000243.jpg,372,427,184,301,3
0000242.jpg,223,313,127,401,1
0000242.jpg,375,464,41,247,2
0000242.jpg,377,452,242,414,3
0000241.jpg,89,226,71,414,1
0000241.jpg,271,386,5,219,2
0000241.jpg,294,390,209,407,3
0000240.jpg,2,109,136,457,1
0000240.jpg,366,465,7,252,2
0000240.jpg,376,459,243,428,3
0000239.jpg,2,61,196,479,1
0000239.jpg,328,425,74,322,2
0000239.jpg,339,424,312,478,3
0000238.jpg,115,284,10,417,2
0000238.jpg,385,545,60,429,3
0000238.jpg,2,33,1,384,1
0000237.jpg,35,210,31,438,2
0000237.jpg,306,459,85,449,3
0000236.jpg,113,269,28,383,2
0000236.jpg,355,492,64,395,3
0000236.jpg,2,36,1,373,1
0000235.jpg,170,287,57,338,1
0000235.jpg,277,389,139,366,2
0000235.jpg,374,489,165,392,3
0000234.jpg,326,406,112,323,1
0000234.jpg,406,483,177,340,2
0000234.jpg,480,560,204,367,3
0000233.jpg,272,345,52,259,1
0000233.jpg,345,417,122,283,2
0000233.jpg,414,486,152,307,3
0000232.jpg,206,293,132,373,1
0000232.jpg,312,389,212,401,2
0000232.jpg,412,492,249,429,3
0000231.jpg,183,267,96,340,1
0000231.jpg,285,363,182,375,2
0000231.jpg,389,462,226,409,3
0000230.jpg,119,253,64,426,1
0000230.jpg,309,416,162,432,2
0000230.jpg,485,585,191,435,3
0000229.jpg,73,228,63,455,1
0000229.jpg,281,408,168,451,2
0000229.jpg,474,579,190,448,3
0000228.jpg,170,220,282,458,1
0000228.jpg,255,304,331,459,2
0000228.jpg,334,380,346,461,3
0000227.jpg,176,236,103,276,1
0000227.jpg,260,318,148,270,2
0000227.jpg,340,394,152,266,3
0000226.jpg,125,195,42,216,1
0000226.jpg,217,275,84,204,2
0000226.jpg,297,351,89,201,3
0000225.jpg,352,413,160,333,1
0000225.jpg,439,497,203,327,2
0000225.jpg,521,573,215,326,3
0000224.jpg,335,394,69,260,1
0000224.jpg,427,480,125,259,2
0000224.jpg,515,568,145,263,3
0000223.jpg,189,262,160,369,1
0000223.jpg,295,362,214,370,2
0000223.jpg,394,457,228,368,3
0000222.jpg,219,313,124,391,1
0000222.jpg,353,433,188,381,2
0000222.jpg,479,552,205,374,3
0000221.jpg,208,297,198,474,1
0000221.jpg,345,427,271,468,2
0000221.jpg,477,547,290,470,3
0000220.jpg,162,261,219,464,1
0000220.jpg,263,349,267,440,2
0000220.jpg,399,473,263,415,3
0000219.jpg,265,358,121,409,1
0000219.jpg,372,452,188,395,2
0000219.jpg,521,601,210,379,3
0000218.jpg,273,366,97,387,1
0000218.jpg,380,463,171,379,2
0000218.jpg,535,615,196,371,3
0000217.jpg,409,542,0,377,1
0000217.jpg,562,639,65,360,2
0000216.jpg,373,421,93,206,3
0000216.jpg,439,500,24,208,1
0000216.jpg,546,598,66,198,2
0000215.jpg,271,334,226,346,3
0000215.jpg,339,415,142,343,1
0000215.jpg,456,525,183,330,2
0000214.jpg,201,258,169,292,3
0000214.jpg,273,344,90,294,1
0000214.jpg,388,451,143,290,2
0000213.jpg,103,189,170,361,3
0000213.jpg,215,311,62,368,1
0000213.jpg,390,481,158,382,2
0000212.jpg,116,199,172,361,3
0000212.jpg,226,323,67,375,1
0000212.jpg,396,491,164,385,2
0000211.jpg,104,173,167,348,3
0000211.jpg,193,284,80,369,1
0000211.jpg,345,437,183,407,2
0000210.jpg,105,179,168,344,3
0000210.jpg,189,281,77,365,1
0000210.jpg,350,432,173,388,2
0000209.jpg,227,301,156,317,3
0000209.jpg,307,393,71,333,1
0000209.jpg,454,534,155,361,2
0000208.jpg,213,284,151,314,3
0000208.jpg,292,372,69,331,1
0000208.jpg,439,518,160,360,2
0000207.jpg,99,173,197,358,3
0000207.jpg,176,262,117,376,1
0000207.jpg,322,402,206,404,2
0000206.jpg,114,169,258,380,3
0000206.jpg,175,240,194,388,1
0000206.jpg,283,339,255,399,2
0000205.jpg,363,413,116,232,3
0000205.jpg,438,499,47,234,1
0000205.jpg,536,595,100,231,2
0000204.jpg,357,409,106,218,3
0000204.jpg,433,491,37,222,1
0000204.jpg,528,587,91,220,2
0000203.jpg,325,376,311,429,3
0000203.jpg,402,462,249,434,1
0000203.jpg,499,559,302,438,2
0000202.jpg,262,322,142,288,3
0000202.jpg,355,422,60,280,1
0000202.jpg,471,537,115,275,2
0000201.jpg,280,342,127,273,3
0000201.jpg,373,438,40,269,1
0000201.jpg,490,554,101,256,2
0000200.jpg,156,256,167,372,3
0000200.jpg,283,394,34,360,1
0000200.jpg,467,562,109,342,2
0000199.jpg,175,267,244,448,3
0000199.jpg,299,405,118,431,1
0000199.jpg,481,572,189,419,2
0000198.jpg,161,278,113,354,3
0000198.jpg,283,415,2,322,1
0000198.jpg,447,556,39,297,2
0000197.jpg,165,266,321,477,3
0000197.jpg,295,419,180,478,1
0000197.jpg,432,555,271,480,2
0000196.jpg,1,32,265,480,3
0000196.jpg,57,188,103,479,1
0000196.jpg,221,334,201,463,2
0000195.jpg,0,28,250,478,3
0000195.jpg,40,182,81,464,1
0000195.jpg,212,326,175,437,2
0000194.jpg,377,480,232,476,3
0000194.jpg,512,638,76,453,1
0000193.jpg,158,281,191,447,3
0000193.jpg,292,425,22,409,1
0000193.jpg,449,565,109,377,2
0000192.jpg,204,293,222,441,3
0000192.jpg,321,430,86,416,1
0000192.jpg,434,544,166,391,2
0000191.jpg,140,240,218,451,3
0000191.jpg,258,372,75,414,1
0000191.jpg,391,494,154,387,2
0000190.jpg,299,367,233,387,3
0000190.jpg,382,462,144,373,1
0000190.jpg,462,541,200,370,2
0000189.jpg,402,452,294,405,3
0000189.jpg,462,517,232,405,1
0000189.jpg,537,588,279,405,2
0000188.jpg,421,472,296,405,3
0000188.jpg,478,534,234,406,1
0000188.jpg,553,605,278,405,2
0000187.jpg,379,438,187,321,3
0000187.jpg,451,518,111,317,1
0000187.jpg,544,601,165,316,2
0000186.jpg,268,353,203,379,3
0000186.jpg,349,457,99,377,1
0000186.jpg,485,573,172,377,2
0000185.jpg,482,565,35,222,3
0000185.jpg,573,640,3,229,1
0000184.jpg,268,358,218,394,3
0000184.jpg,336,444,118,405,1
0000184.jpg,444,534,198,413,2
0000183.jpg,229,322,239,410,3
0000183.jpg,292,407,132,418,1
0000183.jpg,403,498,209,417,2
0000182.jpg,299,355,225,358,3
0000182.jpg,356,429,160,361,1
0000182.jpg,432,488,212,365,2
0000181.jpg,286,339,265,393,3
0000181.jpg,342,410,199,402,1
0000181.jpg,414,471,255,400,2
0000180.jpg,178,222,218,322,3
0000180.jpg,234,284,159,326,1
0000180.jpg,288,334,205,325,2
0000179.jpg,82,132,75,183,3
0000179.jpg,131,191,13,185,1
0000179.jpg,192,239,60,179,2
0000178.jpg,97,149,89,195,3
0000178.jpg,148,208,27,199,1
0000178.jpg,208,256,70,191,2
0000177.jpg,336,387,205,314,3
0000177.jpg,382,447,144,313,1
0000177.jpg,445,500,181,309,2
0000176.jpg,272,335,214,342,3
0000176.jpg,327,405,139,340,1
0000176.jpg,400,468,184,335,2
0000175.jpg,224,300,163,344,3
0000175.jpg,320,410,66,351,1
0000175.jpg,409,497,150,354,2
0000174.jpg,214,287,177,356,3
0000174.jpg,306,400,82,365,1
0000174.jpg,399,488,162,367,2
0000173.jpg,151,230,206,389,3
0000173.jpg,339,419,185,390,2
0000173.jpg,484,597,120,405,1
0000172.jpg,66,156,217,401,3
0000172.jpg,255,341,183,387,2
0000172.jpg,415,511,104,392,1
0000171.jpg,84,222,95,331,3
0000171.jpg,212,337,60,299,2
0000171.jpg,329,464,77,400,1
0000170.jpg,22,155,103,344,3
0000170.jpg,153,272,60,302,2
0000170.jpg,261,411,73,392,1
0000169.jpg,250,310,93,211,3
0000169.jpg,310,371,75,193,2
0000169.jpg,367,437,82,235,1
0000168.jpg,233,292,123,239,3
0000168.jpg,294,354,102,221,2
0000168.jpg,350,422,107,260,1
0000167.jpg,347,443,114,264,3
0000167.jpg,404,507,81,233,2
0000167.jpg,474,611,82,279,1
0000166.jpg,341,438,98,248,3
0000166.jpg,396,503,63,218,2
0000166.jpg,474,607,65,262,1
0000165.jpg,148,266,153,378,3
0000165.jpg,264,371,110,336,2
0000165.jpg,369,502,117,421,1
0000164.jpg,64,183,159,381,3
0000164.jpg,179,291,117,338,2
0000164.jpg,283,411,119,420,1
0000163.jpg,85,251,85,388,3
0000163.jpg,241,393,38,336,2
0000163.jpg,393,586,34,444,1
0000162.jpg,80,234,129,378,3
0000162.jpg,213,340,94,339,2
0000162.jpg,341,493,102,431,1
0000161.jpg,116,255,160,396,3
0000161.jpg,241,362,129,362,2
0000161.jpg,365,515,129,445,1
0000160.jpg,227,323,232,376,3
0000160.jpg,307,401,210,351,2
0000160.jpg,375,474,215,395,1
0000159.jpg,291,378,107,240,3
0000159.jpg,362,451,81,217,2
0000159.jpg,432,530,78,254,1
0000158.jpg,175,303,179,310,3
0000158.jpg,257,384,170,304,2
0000158.jpg,294,453,186,360,1
0000157.jpg,169,300,137,265,3
0000157.jpg,250,380,126,257,2
0000157.jpg,282,448,145,317,1
0000156.jpg,373,450,85,174,3
0000156.jpg,433,511,77,171,2
0000156.jpg,477,565,86,201,1
0000155.jpg,242,340,101,226,3
0000155.jpg,307,404,91,221,2
0000155.jpg,357,469,102,273,1
0000154.jpg,254,352,116,247,3
0000154.jpg,324,422,105,233,2
0000154.jpg,372,489,118,290,1
0000153.jpg,229,320,105,250,3
0000153.jpg,302,393,86,235,2
0000153.jpg,369,467,95,290,1
0000152.jpg,96,180,245,412,3
0000152.jpg,175,256,219,384,2
0000152.jpg,255,348,217,441,1
0000151.jpg,111,196,219,396,3
0000151.jpg,192,276,192,367,2
0000151.jpg,277,373,190,424,1
0000150.jpg,93,212,151,334,3
0000150.jpg,228,332,104,336,1
0000150.jpg,418,520,152,344,2
0000149.jpg,139,212,141,293,3
0000149.jpg,233,320,99,287,1
0000149.jpg,370,462,132,289,2
0000148.jpg,307,391,92,204,3
0000148.jpg,359,467,56,193,1
0000148.jpg,468,567,73,184,2
0000147.jpg,297,389,160,270,3
0000147.jpg,345,464,118,249,1
0000147.jpg,454,564,119,228,2
0000146.jpg,291,350,90,217,3
0000146.jpg,363,440,66,229,1
0000146.jpg,474,553,121,253,2
0000145.jpg,176,251,169,316,3
0000145.jpg,271,368,130,314,1
0000145.jpg,409,512,166,318,2
0000144.jpg,174,242,184,316,3
0000144.jpg,263,350,147,313,1
0000144.jpg,390,484,179,318,2
0000143.jpg,322,377,198,292,3
0000143.jpg,394,455,171,289,1
0000143.jpg,500,564,183,282,2
0000142.jpg,249,333,173,333,3
0000142.jpg,355,445,109,316,1
0000142.jpg,507,613,132,305,2
0000141.jpg,354,476,259,421,3
0000141.jpg,471,592,227,429,1
0000140.jpg,269,338,317,405,3
0000140.jpg,363,450,301,408,1
0000140.jpg,516,588,324,422,2
0000139.jpg,292,361,318,402,3
0000139.jpg,388,472,303,406,1
0000139.jpg,533,609,328,421,2
0000138.jpg,300,362,92,163,3
0000138.jpg,389,467,78,164,1
0000138.jpg,523,590,95,174,2
0000137.jpg,297,358,43,115,3
0000137.jpg,384,465,36,119,1
0000137.jpg,515,590,50,131,2
0000136.jpg,258,325,135,215,3
0000136.jpg,358,444,107,204,1
0000136.jpg,513,589,102,193,2
0000135.jpg,232,299,109,193,3
0000135.jpg,333,418,80,183,1
0000135.jpg,487,563,83,178,2
0000134.jpg,260,337,125,205,3
0000134.jpg,354,461,108,211,1
0000134.jpg,503,598,128,228,2
0000133.jpg,254,337,126,212,3
0000133.jpg,351,456,116,219,1
0000133.jpg,502,594,131,231,2
0000132.jpg,162,270,207,326,3
0000132.jpg,290,425,188,334,1
0000132.jpg,492,609,216,358,2
0000131.jpg,135,244,181,302,3
0000131.jpg,262,398,162,310,1
0000131.jpg,464,582,198,337,2
0000130.jpg,297,344,104,176,3
0000130.jpg,389,444,82,171,1
0000130.jpg,534,585,94,169,2
0000129.jpg,293,337,120,189,3
0000129.jpg,381,439,98,183,1
0000129.jpg,526,574,107,179,2
0000128.jpg,275,327,147,232,3
0000128.jpg,383,448,116,223,1
0000128.jpg,550,611,124,216,2
0000127.jpg,224,277,153,240,3
0000127.jpg,331,397,121,226,1
0000127.jpg,497,557,126,217,2
0000126.jpg,222,289,175,273,3
0000126.jpg,335,410,137,254,1
0000126.jpg,495,579,134,232,2
0000125.jpg,193,263,177,280,3
0000125.jpg,307,383,143,257,1
0000125.jpg,466,551,135,234,2
0000124.jpg,204,288,117,246,3
0000124.jpg,332,416,73,230,1
0000124.jpg,500,589,92,222,2
0000123.jpg,114,248,170,355,3
0000123.jpg,266,412,82,310,1
0000123.jpg,481,619,89,265,2
0000122.jpg,513,636,54,256,3
0000121.jpg,77,244,238,401,3
0000121.jpg,212,392,147,320,1
0000121.jpg,417,581,108,237,2
0000120.jpg,464,623,224,399,3
0000120.jpg,616,638,149,231,1
0000119.jpg,231,361,267,410,3
0000119.jpg,357,499,198,359,1
0000119.jpg,507,576,71,239,2
0000118.jpg,549,638,265,427,3
0000117.jpg,464,517,86,203,3
0000117.jpg,555,613,7,199,1
0000116.jpg,479,532,85,207,3
0000116.jpg,570,630,6,196,1
0000115.jpg,438,495,142,279,3
0000115.jpg,541,609,57,267,1
0000114.jpg,450,507,170,308,3
0000114.jpg,556,618,84,297,1
0000113.jpg,69,185,44,376,1
0000113.jpg,219,320,127,336,2
0000112.jpg,62,179,29,367,1
0000112.jpg,214,316,115,333,2
0000111.jpg,321,427,192,421,3
0000111.jpg,475,608,63,406,1
0000110.jpg,332,434,222,452,3
0000110.jpg,488,614,84,430,1
0000109.jpg,3,155,11,343,3
0000109.jpg,265,410,-1,304,1
0000109.jpg,491,637,2,258,2
0000108.jpg,4,162,10,360,3
0000108.jpg,273,445,2,324,1
0000108.jpg,508,639,4,274,2
0000107.jpg,70,187,178,447,3
0000107.jpg,267,420,26,433,1
0000107.jpg,463,608,135,402,2
0000106.jpg,61,174,186,453,3
0000106.jpg,260,397,37,436,1
0000106.jpg,446,583,142,402,2
0000105.jpg,192,271,154,345,3
0000105.jpg,343,428,46,347,1
0000105.jpg,505,601,131,344,2
0000104.jpg,408,536,186,459,3
0000103.jpg,229,272,107,209,3
0000103.jpg,303,351,49,211,1
0000103.jpg,385,434,97,208,2
0000102.jpg,439,485,143,242,3
0000102.jpg,514,569,85,257,1
0000102.jpg,605,638,138,256,2
0000101.jpg,353,399,111,219,3
0000101.jpg,430,481,48,215,1
0000101.jpg,514,565,89,204,2
0000100.jpg,384,428,93,202,3
0000100.jpg,461,512,30,199,1
0000100.jpg,544,597,69,189,2
0000099.jpg,498,545,306,407,3
0000099.jpg,576,628,244,407,1
0000098.jpg,218,265,184,293,3
0000098.jpg,295,348,124,291,1
0000098.jpg,374,424,163,277,2
0000097.jpg,204,248,210,319,3
0000097.jpg,282,338,141,313,1
0000097.jpg,368,415,180,299,2
0000096.jpg,163,224,196,341,3
0000096.jpg,262,324,110,324,1
0000096.jpg,362,419,153,302,2
0000095.jpg,158,215,211,350,3
0000095.jpg,255,318,127,340,1
0000095.jpg,350,409,171,314,2
0000094.jpg,253,328,194,384,3
0000094.jpg,374,468,83,369,1
0000094.jpg,492,579,147,337,2
0000093.jpg,244,326,217,423,3
0000093.jpg,373,467,91,393,1
0000093.jpg,491,579,153,347,2
0000092.jpg,192,291,249,477,3
0000092.jpg,311,424,104,428,1
0000092.jpg,414,502,166,369,2
0000090.jpg,163,315,318,479,3
0000090.jpg,399,578,87,477,1
0000090.jpg,590,638,187,479,2
0000089.jpg,99,196,163,385,3
0000089.jpg,223,335,42,431,1
0000089.jpg,419,548,167,465,2
0000088.jpg,137,234,139,357,3
0000088.jpg,258,371,20,404,1
0000088.jpg,458,584,148,450,2
0000087.jpg,119,214,131,344,3
0000087.jpg,242,350,21,394,1
0000087.jpg,432,557,142,431,2
0000086.jpg,166,243,170,361,3
0000086.jpg,272,373,77,407,1
0000086.jpg,434,549,194,446,2
0000085.jpg,148,224,151,340,3
0000085.jpg,253,354,55,381,1
0000085.jpg,416,525,175,421,2
0000084.jpg,222,286,171,331,3
0000084.jpg,321,399,92,357,1
0000084.jpg,460,542,180,372,2
0000083.jpg,334,385,222,347,3
0000083.jpg,414,478,162,366,1
0000083.jpg,523,592,226,377,2
0000082.jpg,289,342,233,357,3
0000082.jpg,364,432,172,379,1
0000082.jpg,473,544,241,394,2
0000081.jpg,401,444,295,393,3
0000081.jpg,473,521,241,396,1
0000081.jpg,558,609,285,399,2
0000080.jpg,396,438,297,399,3
0000080.jpg,466,511,249,404,1
0000080.jpg,555,601,290,401,2
0000079.jpg,382,426,259,360,3
0000079.jpg,456,508,204,375,1
0000079.jpg,548,601,261,382,2
0000078.jpg,400,442,248,352,3
0000078.jpg,471,524,197,363,1
0000078.jpg,565,620,249,370,2
0000077.jpg,370,408,309,409,3
0000077.jpg,439,494,253,417,1
0000077.jpg,527,577,301,419,2
0000076.jpg,379,422,285,386,3
0000076.jpg,454,506,231,396,1
0000076.jpg,536,589,282,393,2
0000075.jpg,375,416,124,225,3
0000075.jpg,443,495,70,231,1
0000075.jpg,526,579,117,231,2
0000074.jpg,290,329,144,240,3
0000074.jpg,362,409,92,248,1
0000074.jpg,439,488,134,242,2
0000073.jpg,221,266,119,219,3
0000073.jpg,301,353,59,229,1
0000073.jpg,387,434,111,226,2
0000072.jpg,280,332,168,286,3
0000072.jpg,370,429,100,294,1
0000072.jpg,468,529,154,288,2
0000071.jpg,297,345,185,304,3
0000071.jpg,380,447,118,310,1
0000071.jpg,484,545,172,308,2
0000070.jpg,166,243,182,367,3
0000070.jpg,302,388,77,371,1
0000070.jpg,446,536,151,357,2
0000069.jpg,151,227,209,391,3
0000069.jpg,283,371,101,392,1
0000069.jpg,430,518,179,381,2
0000068.jpg,274,376,139,384,3
0000068.jpg,442,589,6,412,1
0000067.jpg,155,260,238,476,3
0000067.jpg,338,455,76,471,1
0000067.jpg,479,584,181,439,2
0000066.jpg,130,242,212,480,3
0000066.jpg,319,436,46,449,1
0000066.jpg,458,568,156,411,2
0000065.jpg,128,235,204,460,3
0000065.jpg,301,409,49,413,1
0000065.jpg,435,524,139,374,2
0000064.jpg,189,272,217,412,3
0000064.jpg,330,428,107,403,1
0000064.jpg,446,541,190,388,2
0000063.jpg,184,265,217,409,3
0000063.jpg,324,418,110,399,1
0000063.jpg,439,528,188,387,2
0000062.jpg,114,178,180,328,3
0000062.jpg,224,290,91,313,1
0000062.jpg,316,374,147,298,2
0000061.jpg,166,219,82,201,3
0000061.jpg,253,311,5,190,1
0000061.jpg,331,381,51,181,2
0000060.jpg,167,220,97,216,3
0000060.jpg,254,310,22,205,1
0000060.jpg,331,381,68,194,2
0000059.jpg,391,440,315,431,3
0000059.jpg,472,527,251,422,1
0000059.jpg,541,594,297,413,2
0000058.jpg,377,427,229,342,3
0000058.jpg,461,511,162,333,1
0000058.jpg,529,579,206,321,2
0000057.jpg,260,309,270,382,3
0000057.jpg,340,390,205,370,1
0000057.jpg,407,456,249,363,2
0000056.jpg,265,315,302,413,3
0000056.jpg,346,398,238,409,1
0000056.jpg,413,461,282,398,2
0000055.jpg,195,255,273,415,3
0000055.jpg,293,364,195,408,1
0000055.jpg,373,434,246,390,2
0000054.jpg,215,282,273,411,3
0000054.jpg,313,387,192,405,1
0000054.jpg,390,456,249,391,2
0000053.jpg,304,355,157,265,3
0000053.jpg,385,443,87,261,1
0000053.jpg,466,515,135,253,2
0000052.jpg,306,351,186,293,3
0000052.jpg,390,442,122,294,1
0000052.jpg,470,520,166,290,2
0000051.jpg,296,346,257,370,3
0000051.jpg,388,443,196,375,1
0000051.jpg,466,522,249,378,2
0000050.jpg,309,357,256,371,3
0000050.jpg,397,456,196,379,1
0000050.jpg,480,540,252,383,2
0000049.jpg,184,251,203,362,3
0000049.jpg,305,381,109,361,1
0000049.jpg,424,489,179,356,2
0000048.jpg,182,249,133,292,3
0000048.jpg,307,383,41,295,1
0000048.jpg,421,492,113,294,2
0000047.jpg,135,226,204,419,3
0000047.jpg,303,405,87,431,1
0000047.jpg,452,561,188,437,2
0000046.jpg,146,234,211,427,3
0000046.jpg,312,419,98,438,1
0000046.jpg,461,570,203,445,2
0000045.jpg,509,606,171,416,3
0000044.jpg,90,182,163,374,3
0000044.jpg,239,350,33,403,1
0000044.jpg,407,517,147,435,2
0000043.jpg,57,142,169,374,3
0000043.jpg,203,307,49,407,1
0000043.jpg,359,468,166,443,2
0000042.jpg,162,243,168,352,3
0000042.jpg,290,389,54,369,1
0000042.jpg,436,536,148,391,2
0000041.jpg,241,309,159,317,3
0000041.jpg,358,442,65,341,1
0000041.jpg,489,569,151,361,2
0000040.jpg,236,292,151,278,3
0000040.jpg,336,398,79,293,1
0000040.jpg,437,500,148,308,2
0000039.jpg,408,442,105,191,3
0000039.jpg,477,520,53,198,1
0000039.jpg,549,591,103,204,2
0000038.jpg,411,447,101,188,3
0000038.jpg,479,521,50,196,1
0000038.jpg,549,593,97,201,2
0000037.jpg,422,460,116,203,3
0000037.jpg,491,536,64,213,1
0000037.jpg,560,607,112,219,2
0000036.jpg,434,473,292,379,3
0000036.jpg,503,547,245,391,1
0000036.jpg,571,615,291,400,2
0000035.jpg,436,474,297,382,3
0000035.jpg,504,551,251,394,1
0000035.jpg,574,622,295,402,2
0000034.jpg,335,377,227,326,3
0000034.jpg,414,467,174,340,1
0000034.jpg,497,547,230,345,2
0000033.jpg,234,284,211,315,3
0000033.jpg,322,377,143,314,1
0000033.jpg,411,459,192,314,2
0000032.jpg,263,307,254,354,3
0000032.jpg,348,394,195,353,1
0000032.jpg,429,475,241,354,2
0000031.jpg,290,333,187,289,3
0000031.jpg,370,415,125,285,1
0000031.jpg,449,493,170,284,2
0000030.jpg,321,360,203,301,3
0000030.jpg,403,452,142,302,1
0000030.jpg,485,530,188,303,2
0000029.jpg,305,345,225,330,3
0000029.jpg,389,436,169,333,1
0000029.jpg,469,519,217,333,2
0000028.jpg,278,326,205,316,3
0000028.jpg,369,424,146,322,1
0000028.jpg,456,511,199,327,2
0000027.jpg,218,271,196,323,3
0000027.jpg,320,383,131,329,1
0000027.jpg,418,480,191,335,2
0000026.jpg,198,266,188,346,3
0000026.jpg,327,407,104,357,1
0000026.jpg,451,534,184,365,2
0000025.jpg,154,230,231,423,3
0000025.jpg,303,392,129,425,1
0000025.jpg,452,542,216,434,2
0000024.jpg,110,189,165,356,3
0000024.jpg,251,338,54,346,1
0000024.jpg,383,469,141,347,2
0000023.jpg,376,424,133,226,3
0000023.jpg,439,491,72,224,1
0000023.jpg,503,551,116,221,2
0000022.jpg,355,394,123,215,3
0000022.jpg,419,466,70,218,1
0000022.jpg,483,525,113,223,2
0000021.jpg,398,435,86,176,3
0000021.jpg,459,504,32,182,1
0000021.jpg,523,565,82,197,2
0000020.jpg,362,402,129,228,3
0000020.jpg,429,478,75,233,1
0000020.jpg,494,543,130,243,2
0000019.jpg,356,405,201,315,3
0000019.jpg,439,490,143,328,1
0000019.jpg,516,571,206,347,2
0000018.jpg,347,398,123,239,3
0000018.jpg,436,494,52,246,1
0000018.jpg,521,576,110,255,2
0000017.jpg,295,351,126,267,3
0000017.jpg,395,462,44,272,1
0000017.jpg,492,557,117,280,2
0000016.jpg,206,270,168,331,3
0000016.jpg,324,407,71,338,1
0000016.jpg,446,528,154,349,2
0000015.jpg,378,423,94,202,3
0000015.jpg,459,506,30,196,1
0000015.jpg,533,580,77,190,2
0000014.jpg,372,415,104,209,3
0000014.jpg,452,504,38,204,1
0000014.jpg,528,577,85,204,2
0000013.jpg,385,426,125,229,3
0000013.jpg,465,515,56,227,1
0000013.jpg,541,596,105,223,2
0000012.jpg,307,362,141,277,3
0000012.jpg,404,468,59,272,1
0000012.jpg,495,559,120,264,2
0000011.jpg,160,247,193,394,3
0000011.jpg,304,396,72,372,1
0000011.jpg,441,525,149,359,2
0000010.jpg,146,236,197,397,3
0000010.jpg,289,384,74,377,1
0000010.jpg,431,513,151,366,2
0000009.jpg,111,203,193,394,3
0000009.jpg,257,354,74,400,1
0000009.jpg,401,495,171,413,2
0000008.jpg,126,203,180,363,3
0000008.jpg,259,346,73,373,1
0000008.jpg,390,474,166,388,2
0000007.jpg,227,281,156,291,3
0000007.jpg,323,390,78,300,1
0000007.jpg,419,484,146,308,2
0000006.jpg,262,319,143,259,3
0000006.jpg,352,410,69,259,1
0000006.jpg,432,488,123,258,2
0000005.jpg,398,442,84,190,3
0000005.jpg,476,529,27,196,1
0000005.jpg,553,607,73,200,2
0000004.jpg,354,400,182,295,3
0000004.jpg,435,490,115,294,1
0000004.jpg,514,570,168,297,2
0000003.jpg,261,309,208,314,3
0000003.jpg,343,393,149,315,1
0000003.jpg,418,467,198,317,2
0000002.jpg,233,282,235,354,3
0000002.jpg,325,377,170,349,1
0000002.jpg,404,462,223,352,2
0000001.jpg,196,256,233,385,3
0000001.jpg,306,376,147,384,1
0000001.jpg,409,479,219,387,2
0000000.jpg,354,431,301,470,3
0000000.jpg,480,581,218,480,1
0000000.jpg,603,638,319,478,2
